MedInc,HouseAge,AveRooms,AveOccup,Latitude,Longitude,Price
6.56,47,3.92,4.7,39.9773,-122.9099,56786.96
14.33,12,4.0,2.58,35.6739,-121.5146,128196.43
11.38,16,7.03,1.51,32.8702,-120.8306,118370.58
9.58,24,9.95,2.8,37.5678,-115.9117,81748.25
3.61,19,6.96,2.35,40.4512,-115.2451,34849.99
3.61,8,6.02,5.21,39.9593,-120.9753,48536.48
2.28,31,7.58,2.57,33.7512,-115.413,28686.59
13.19,21,5.19,4.94,38.7276,-115.4277,110676.46
9.62,17,1.54,5.46,34.205,-116.3535,95636.52
11.06,23,6.06,3.17,34.1821,-122.533,107187.3
1.78,37,9.62,5.55,40.7407,-117.0968,4507.83
14.59,16,2.58,2.89,34.4967,-114.5498,148073.21
12.74,6,7.21,5.82,34.6325,-117.1746,123741.62
4.37,8,2.81,1.45,32.0065,-120.6838,39014.66
3.95,25,5.82,4.44,40.7067,-118.9942,39818.45
3.98,18,1.87,3.47,39.9259,-117.5427,31635.15
5.61,25,5.05,2.94,38.2733,-118.8943,56200.36
8.58,12,7.81,4.16,39.5027,-122.8005,81323.75
7.33,15,4.13,4.52,33.5205,-120.8794,67124.39
5.43,26,6.98,1.02,36.5832,-115.976,64813.3
9.76,41,8.16,1.83,35.5122,-115.3858,107977.72
3.38,45,9.34,4.57,32.9378,-122.627,15512.46
5.44,26,3.11,4.33,36.8613,-114.4761,59526.73
6.45,47,4.59,5.83,41.2074,-120.7118,74331.91
7.66,32,2.37,4.81,32.4006,-117.3769,88715.77
12.1,10,9.93,5.75,34.9146,-116.4817,128443.8
4.2,16,9.34,4.51,34.0754,-115.8805,33143.02
8.44,7,5.86,2.49,34.3815,-114.5425,92182.81
9.5,17,8.58,1.53,41.0843,-120.8708,88438.48
2.13,23,5.69,4.91,36.6807,-115.4149,16942.35
9.7,26,6.61,4.22,36.663,-122.6831,100269.82
3.8,21,1.8,1.24,39.6058,-116.9496,28380.41
2.38,22,7.8,2.8,33.5449,-116.5802,13196.0
14.31,7,2.15,5.78,36.8727,-117.2228,146398.73
14.54,14,8.43,3.5,36.2999,-121.4769,165837.24
12.41,15,8.04,3.16,37.9691,-115.2696,138104.34
5.61,7,7.38,3.29,41.9956,-122.3114,65174.86
2.82,9,1.33,2.04,39.6945,-123.4637,37144.85
10.74,51,3.73,2.84,35.9787,-116.8254,109690.19
7.44,48,3.37,2.85,40.2755,-119.2452,74929.0
3.15,8,4.24,1.26,33.7071,-115.509,41428.18
8.18,50,1.79,4.84,32.3046,-120.166,62559.37
1.96,23,9.43,3.08,34.0445,-122.3172,23085.85
13.78,29,5.98,5.11,35.4041,-115.6356,135547.52
4.99,18,3.75,5.25,37.1058,-118.5109,49189.03
10.44,31,4.57,2.06,38.1513,-122.108,98353.28
5.71,30,5.02,4.29,41.1061,-116.7962,60527.88
8.52,39,6.41,3.36,37.0985,-118.8889,75317.72
8.88,35,5.64,5.4,37.0128,-117.9569,81161.45
4.0,18,9.27,2.08,32.5024,-119.391,35672.2
14.59,42,5.47,4.39,32.3491,-115.7129,151757.47
11.96,39,9.93,4.04,37.5116,-115.7044,119335.76
14.18,17,8.66,2.48,36.3818,-116.9061,139077.68
13.58,14,2.88,1.68,40.3918,-122.946,131601.7
9.57,31,9.38,4.26,33.6068,-115.6115,96050.81
13.95,24,2.05,4.69,32.2497,-117.2899,152939.75
2.69,35,8.36,2.58,36.4904,-117.0298,14440.8
4.15,44,4.43,4.22,34.3748,-120.3702,44804.1
2.11,45,8.9,2.98,32.4961,-115.2072,24874.62
5.89,34,8.81,4.57,39.246,-116.7463,49704.35
6.75,3,8.25,2.0,33.1159,-122.8741,85393.73
5.16,37,8.11,5.45,38.0832,-119.9222,55712.8
12.69,43,3.74,2.44,34.8105,-115.1362,118660.67
6.32,40,1.73,2.84,33.735,-123.528,40618.87
5.29,26,4.63,1.29,35.7975,-114.3858,54519.47
8.83,23,2.56,1.56,40.0145,-117.2084,86364.54
3.4,44,7.25,3.58,35.9209,-117.6862,21843.87
12.33,39,4.11,2.34,39.5077,-121.2944,110316.86
2.51,15,9.78,5.18,33.2549,-121.5121,35621.1
14.82,49,6.77,1.07,39.7277,-114.5794,126807.05
11.93,4,8.4,2.9,34.3693,-121.0173,125372.83
4.18,29,2.19,2.69,38.7739,-116.2449,37313.63
1.57,22,8.76,1.1,37.6578,-120.0688,22521.55
12.51,25,9.3,1.62,41.2914,-122.6075,123820.95
11.04,13,5.38,3.07,35.8732,-123.8928,113801.75
11.34,18,6.46,3.46,32.6617,-118.5574,106364.25
11.91,33,7.88,3.02,32.1916,-114.2422,118341.95
2.5,16,2.57,3.65,40.2686,-120.3086,28480.84
6.34,45,5.52,3.98,37.2474,-120.4281,61974.72
3.06,42,4.59,1.05,39.7524,-120.5591,32183.07
13.15,44,2.32,3.32,34.3443,-118.7946,117984.79
9.91,2,4.31,5.82,35.4508,-119.5934,93402.25
5.97,35,1.61,3.6,32.301,-115.2009,50191.6
2.36,42,1.23,4.39,41.6149,-118.9448,15933.1
5.7,34,2.22,2.56,38.6787,-118.9224,67527.83
5.89,30,9.67,4.87,41.3321,-122.6163,55732.21
11.35,13,5.95,4.86,34.655,-114.1726,102281.41
10.11,13,9.69,3.61,38.1146,-121.5003,108978.46
13.48,18,4.89,5.88,38.785,-123.2664,147147.43
7.87,32,3.81,1.63,35.1755,-117.3685,64303.88
3.11,32,5.56,1.08,40.4811,-118.0463,50084.11
11.13,35,4.96,4.85,41.4716,-119.8485,112976.77
11.77,39,1.95,5.04,40.8486,-119.7781,123601.91
9.08,46,6.77,1.6,39.3907,-116.1494,103775.72
11.91,29,2.94,2.33,34.7746,-122.0429,126697.18
8.17,49,6.58,1.09,34.8162,-115.7975,78657.64
8.56,29,6.85,2.47,41.6336,-117.5125,97560.98
7.27,44,2.37,4.87,32.1028,-119.8103,70570.0
1.84,16,1.55,3.59,39.1605,-119.4197,27402.85
2.96,44,8.03,2.74,39.0625,-121.4335,40391.75
1.92,47,5.14,2.86,38.2269,-116.4789,5303.03
10.09,10,1.52,1.01,41.9011,-118.8713,108300.01
5.74,30,9.95,2.5,35.1188,-120.7915,56806.08
8.37,25,1.52,4.23,35.3997,-118.0395,82072.91
13.75,39,7.26,5.87,32.7894,-114.0427,136739.93
4.87,20,9.85,5.24,36.428,-119.6474,50922.7
7.04,5,3.15,1.12,34.6105,-114.7931,86374.25
11.7,1,2.28,5.49,35.4339,-120.5498,102728.52
4.59,30,2.09,4.92,40.3457,-123.4527,25245.57
2.54,49,3.73,4.9,41.3548,-121.9576,1562.1
5.41,3,1.91,3.29,33.8573,-119.813,64459.44
3.68,45,7.23,2.99,35.7251,-121.8037,27283.63
14.05,14,1.56,2.51,41.2863,-123.9977,140448.86
12.41,30,5.58,1.33,32.6181,-114.85,122343.83
10.05,50,9.97,2.14,32.9236,-115.5612,90979.25
13.26,4,8.33,2.23,33.6279,-116.5771,144210.77
12.35,18,6.54,3.42,37.9521,-122.3219,122669.37
4.02,37,3.76,4.74,33.5047,-122.7964,34580.65
13.55,25,6.62,3.37,41.6808,-123.324,137627.71
8.78,48,5.74,1.29,36.4671,-116.7597,92690.72
12.4,1,4.83,5.79,37.0152,-114.7119,114988.24
13.6,46,2.18,5.71,34.4666,-119.6946,139506.18
5.79,15,8.98,4.93,36.7096,-122.8086,73909.54
2.99,9,5.05,5.96,38.6191,-118.8761,15475.78
4.58,15,2.75,3.72,39.5118,-120.5117,47341.99
7.27,49,4.31,5.81,39.5387,-120.2518,65162.78
12.54,24,4.73,1.38,37.7789,-117.7867,131943.31
13.12,4,8.45,2.83,41.0436,-116.8128,122009.41
1.59,12,7.6,2.13,40.1741,-122.894,34150.38
8.4,37,7.92,1.98,39.5705,-123.6441,67587.05
7.14,37,1.1,1.7,32.5561,-114.0567,65297.19
4.5,43,4.75,4.11,32.0688,-121.6727,46184.96
3.12,6,5.33,4.91,34.1245,-123.4617,24928.63
6.06,39,1.17,3.89,38.6352,-122.1012,47683.98
14.23,46,3.34,1.73,36.112,-123.6104,141073.36
5.86,24,7.84,5.06,36.0241,-120.0819,59379.6
8.5,11,2.23,4.18,40.8459,-115.976,83820.38
10.99,13,5.82,2.94,40.9556,-120.5876,119214.89
6.41,34,2.94,4.37,41.0918,-119.5582,56914.27
14.62,25,1.11,2.3,35.1388,-117.2441,146760.93
14.49,7,3.17,2.73,38.9106,-118.9111,139899.97
4.9,4,9.78,5.59,34.7163,-115.3855,43319.71
8.21,8,8.21,2.45,33.9061,-115.3396,81822.41
5.56,20,9.64,3.35,33.8463,-123.9009,52427.35
5.35,29,5.39,5.45,35.4211,-116.2195,47171.96
2.0,51,1.99,4.54,36.2996,-119.3927,26186.27
9.73,45,5.93,1.31,40.3095,-114.1116,92830.97
8.29,46,5.09,1.74,33.1989,-119.1677,73693.93
2.19,10,8.6,1.04,39.3493,-114.131,25168.79
5.26,43,1.88,4.15,37.3145,-116.4543,49037.28
13.76,34,5.39,3.24,34.8795,-121.514,124054.19
4.73,26,2.35,1.67,36.9282,-118.6161,42389.94
3.46,41,3.92,5.79,34.9994,-114.0786,27336.16
8.11,49,7.64,3.65,37.9608,-115.4247,77203.56
14.81,3,5.28,2.21,36.3384,-123.0263,157032.28
4.77,6,4.38,3.5,33.6441,-116.9363,49606.72
10.57,5,4.55,4.4,33.1658,-120.5442,118434.37
11.78,5,5.14,1.38,37.467,-123.9302,119339.4
4.71,47,8.07,2.37,41.0241,-119.9652,63484.87
11.33,23,9.03,5.03,35.4396,-121.6525,109398.25
6.47,49,9.6,3.3,39.33,-115.8113,55914.38
10.04,9,8.08,3.73,38.5866,-120.6267,107894.03
10.05,35,3.84,3.16,41.3155,-115.7248,111612.82
8.73,20,7.19,1.22,40.2098,-123.994,74740.97
2.72,49,4.94,1.83,37.6661,-120.9218,22251.09
12.78,42,3.29,3.23,38.5703,-121.5883,118168.18
5.83,35,8.57,2.05,40.9839,-121.6643,59898.51
4.02,50,1.35,1.25,35.9952,-123.3181,35600.18
2.05,18,9.12,5.22,35.2679,-122.1288,35147.81
9.48,17,5.15,5.91,32.1081,-118.4445,92817.95
10.65,24,6.73,4.97,40.2655,-121.0864,119721.84
1.72,3,6.93,5.27,40.0098,-119.8261,15633.0
8.41,32,9.06,2.21,33.0445,-120.2313,94031.82
4.56,35,6.73,5.8,37.7686,-115.241,46011.63
10.21,38,6.53,1.98,36.6398,-114.947,118269.85
3.85,13,1.6,5.76,33.1871,-119.0704,21501.85
10.83,47,5.67,5.97,41.8057,-120.6984,93005.42
6.72,25,2.35,4.56,34.147,-122.932,82823.22
14.15,9,7.64,5.91,32.6723,-114.466,135314.35
3.36,4,5.61,3.85,37.9485,-123.3977,28151.97
6.1,14,7.12,2.3,39.3887,-121.0235,53712.76
3.03,37,1.38,3.18,32.3244,-121.0193,37820.46
13.98,34,1.76,3.97,38.5872,-120.796,123554.42
13.34,11,7.45,1.37,37.3229,-122.3571,135838.5
4.98,41,1.65,4.11,33.0327,-116.1684,42635.78
10.41,3,1.64,5.91,33.7252,-122.775,113212.16
12.53,28,1.11,1.95,37.6797,-117.6509,116833.17
9.0,29,9.61,4.96,34.9636,-122.7615,94569.73
8.65,9,7.64,5.54,41.3832,-123.2946,76045.84
4.77,3,4.18,5.72,40.1874,-114.9057,70513.41
2.76,25,3.67,5.8,41.8357,-122.0987,22799.08
13.61,34,4.15,3.61,34.5967,-115.7875,133779.63
13.66,12,7.97,5.89,41.6972,-118.5537,154165.54
10.05,42,6.95,4.79,36.3123,-123.2214,92471.27
6.08,9,2.67,1.81,35.4752,-114.4455,77365.82
6.21,15,2.57,3.38,32.5035,-121.5304,56756.29
11.3,40,1.89,4.59,32.5277,-115.4035,115284.98
13.61,25,6.94,2.24,38.9201,-122.3119,130671.18
13.48,5,7.88,4.2,36.5793,-115.4606,123419.64
12.03,11,3.39,4.33,34.2652,-123.8677,123741.94
10.17,34,1.19,1.81,38.1397,-118.8822,104751.03
2.64,24,1.74,3.83,34.5286,-116.3056,10562.14
3.68,15,9.71,4.86,37.7763,-114.652,35626.42
13.63,38,3.66,3.49,35.5921,-114.908,145290.59
9.69,8,7.92,1.06,40.2355,-115.8038,105743.19
1.62,5,6.62,1.05,40.207,-115.1181,14742.85
2.87,48,4.44,2.79,36.7735,-122.0078,19307.74
10.46,26,2.85,5.63,35.5082,-121.1582,121218.44
1.57,18,2.09,2.14,35.6256,-121.1103,-166.32
3.67,6,6.54,4.17,40.0571,-120.2295,37527.01
8.91,37,7.97,2.11,35.2818,-120.0668,74105.03
10.84,48,6.8,2.61,34.0906,-118.5544,119365.15
10.3,13,5.77,5.24,32.8469,-122.4012,102941.76
4.53,28,1.38,4.64,36.6669,-117.0875,43579.74
11.11,5,9.72,1.48,36.8213,-122.3243,142704.92
4.7,13,8.19,3.14,40.4091,-120.8969,42918.27
5.89,17,3.64,1.15,34.2124,-118.9665,76160.76
11.58,50,9.82,3.4,35.8099,-116.0356,110782.68
10.27,40,6.42,4.31,40.0841,-116.6053,98281.88
12.96,45,6.24,1.59,40.2362,-117.5447,154124.75
10.38,32,7.73,2.44,35.8461,-122.4423,102122.1
9.17,29,8.31,2.99,36.5912,-118.5295,78314.29
2.76,51,6.91,5.6,35.0329,-123.1255,27094.19
6.46,3,2.15,5.97,41.3255,-120.2264,61856.63
5.08,40,4.04,1.22,33.1864,-119.8648,52124.96
4.79,34,9.35,4.81,41.3375,-123.6019,46396.02
14.64,40,3.02,2.86,38.8387,-121.2601,165207.45
6.81,27,4.35,2.96,37.3157,-114.4435,72254.36
13.54,13,4.89,4.77,32.3266,-114.4637,124364.35
10.02,45,4.95,5.59,36.756,-120.4767,97743.47
12.23,33,6.52,5.75,36.0775,-123.569,112538.7
8.29,6,9.49,3.89,33.6122,-122.2091,83400.86
9.29,24,3.17,2.79,38.5641,-120.0778,82143.59
8.15,19,2.09,4.94,41.7115,-114.5222,100234.19
4.14,16,2.78,2.26,37.6219,-122.588,33598.15
11.25,40,8.98,3.82,39.1475,-116.3648,118719.64
5.29,28,6.81,2.79,32.6845,-122.9132,49433.21
1.83,33,3.57,4.28,36.1767,-114.1874,3916.87
10.21,48,8.34,2.2,33.1636,-120.1838,102786.49
3.89,41,8.75,1.96,38.128,-116.2477,42593.92
14.2,13,8.62,5.59,41.3848,-120.5741,148919.27
14.38,43,9.27,1.51,38.6178,-117.7233,117459.81
13.85,45,3.27,3.53,32.768,-122.0798,122227.54
6.5,25,7.8,2.1,35.5467,-122.5398,75345.55
1.71,42,5.14,1.19,37.5066,-114.6194,5876.93
14.03,36,8.58,1.18,36.0321,-114.8235,142665.44
7.28,27,7.56,1.88,40.3364,-115.1253,60735.75
14.55,38,7.99,5.33,40.1467,-117.7457,151412.01
14.51,7,6.91,2.41,38.1183,-115.9173,156444.7
13.02,5,2.6,5.75,35.7346,-123.3096,136594.1
5.48,43,5.91,3.91,34.5534,-120.6521,62607.57
6.7,45,9.86,3.18,33.0587,-120.863,82115.0
12.99,51,9.44,3.9,35.549,-117.6435,116609.26
5.78,31,1.39,3.58,36.1317,-120.4404,46434.28
3.79,23,2.48,4.79,38.7582,-122.5149,44378.44
9.02,42,2.19,2.41,38.5816,-118.0353,97674.2
14.14,10,7.53,2.77,32.7011,-115.8562,136590.57
10.9,32,8.36,5.47,35.9526,-120.1788,100900.14
9.2,43,2.92,5.73,33.8178,-122.6773,80918.87
2.81,30,5.55,5.46,33.5681,-122.0331,10186.05
9.8,39,8.57,3.1,40.273,-121.6252,84740.89
14.87,31,7.6,4.9,32.4192,-121.001,135457.07
3.39,18,5.88,3.38,36.1918,-117.572,31085.02
8.5,36,6.31,3.49,33.682,-117.9905,86216.37
13.34,2,5.58,2.02,40.7933,-117.0392,139718.73
11.5,14,3.68,3.96,37.5704,-120.375,109166.38
10.91,13,6.09,1.93,34.3138,-115.76,105426.13
10.98,29,7.2,2.66,37.0243,-121.9591,110938.61
6.35,12,8.86,5.28,39.3149,-119.3096,50185.85
5.46,39,6.73,2.04,41.5812,-115.9906,63047.41
12.43,2,7.85,1.36,34.2045,-122.1984,140470.85
12.44,32,2.44,1.35,40.8618,-122.9014,115759.19
13.21,13,5.15,5.7,41.343,-115.1632,127680.64
13.83,46,1.08,3.53,41.1642,-120.5707,145614.12
8.4,27,3.22,3.05,38.3541,-117.1613,80764.48
8.27,49,7.54,5.05,38.2982,-123.7465,85937.45
12.28,41,9.93,5.18,36.0321,-117.0995,121187.95
10.27,17,1.89,2.66,39.524,-120.839,116710.07
10.98,40,4.61,4.47,37.3129,-123.4426,111664.8
12.24,31,8.2,4.86,38.7744,-117.9019,127418.56
13.52,34,2.84,4.27,36.2846,-121.592,137602.07
6.06,24,6.0,1.76,39.315,-120.1319,55120.86
6.57,45,7.6,5.38,40.2447,-123.1942,58753.61
2.77,35,6.54,3.7,33.4644,-122.5284,34052.46
9.31,48,2.69,2.41,40.3293,-121.0202,90186.13
1.99,6,4.2,3.13,37.403,-123.1024,8684.89
7.79,19,8.05,1.19,40.4467,-114.8917,98399.04
8.83,30,5.99,1.64,36.313,-123.9395,97583.72
5.37,7,1.05,4.83,35.7904,-119.1614,52452.26
9.48,10,7.85,1.0,41.1506,-122.7675,94689.99
1.91,41,1.32,3.08,34.5117,-120.9232,16722.76
2.0,32,7.71,3.61,40.4421,-114.7394,24747.2
12.61,34,2.82,1.27,36.8402,-122.3831,103398.99
6.36,28,9.62,5.87,37.141,-114.3417,84972.5
3.22,15,4.31,2.13,35.0847,-121.9421,24317.16
8.55,30,3.94,2.52,37.7304,-116.5843,83694.94
11.89,37,2.34,2.52,35.2521,-118.5332,115962.67
4.41,29,3.75,2.15,32.3927,-115.1552,62398.5
9.91,22,8.89,1.01,34.72,-118.4601,100160.76
2.65,4,9.97,4.65,32.0638,-118.6544,45575.07
2.2,20,4.31,5.83,41.7835,-122.0454,24473.27
8.67,32,5.04,2.12,41.6575,-122.3377,75765.15
8.8,36,7.5,4.32,35.9516,-114.8351,88201.07
10.11,50,8.98,4.71,39.2837,-120.7216,97991.91
11.3,4,6.34,5.24,35.4581,-120.2792,103357.3
14.67,27,4.52,3.11,38.7109,-116.4018,148904.23
8.47,17,4.71,2.51,40.0543,-120.6118,84823.03
5.86,12,7.26,2.63,41.4676,-114.4794,65805.22
12.24,22,1.03,4.56,36.0021,-116.6207,121280.53
5.16,17,6.58,5.08,39.833,-118.0257,45154.97
7.43,10,4.2,1.91,34.6593,-115.191,82510.34
2.56,1,8.15,2.85,41.9033,-123.5039,22476.02
1.84,22,1.84,5.51,32.2577,-121.4294,-15529.71
14.5,26,6.29,5.03,38.0353,-119.3496,145322.53
12.79,18,5.33,5.92,38.5951,-121.7302,121448.26
10.9,50,6.78,4.77,38.8805,-116.5609,109780.31
7.02,14,1.58,2.97,33.2039,-114.8079,88687.72
3.84,47,6.22,3.95,41.3853,-119.7623,55902.4
3.61,29,6.05,4.31,33.8118,-120.5787,33280.77
4.88,12,6.05,1.39,38.2275,-114.3845,41942.85
8.91,36,6.43,3.72,34.2268,-119.5515,93445.83
11.15,35,7.09,4.55,35.0722,-119.1095,106477.74
10.41,12,8.24,1.84,37.4646,-120.4835,110385.77
5.28,7,3.43,4.9,36.1719,-114.9045,45736.39
14.39,29,8.43,3.92,33.6023,-118.3104,146545.92
11.46,11,5.48,5.76,33.7094,-116.3783,106392.26
8.98,33,1.69,1.21,36.1814,-115.8819,98824.53
9.76,6,1.53,2.33,39.5728,-120.5815,91166.22
7.16,47,4.01,4.01,40.9796,-119.6631,74313.03
4.84,15,8.06,2.48,32.8413,-115.5153,37538.33
6.31,32,7.37,4.57,35.931,-120.3674,70025.74
11.73,51,8.1,4.8,33.0025,-116.0606,105146.16
1.69,11,5.66,1.51,32.1659,-114.5901,20788.77
3.07,23,4.96,3.57,38.6172,-117.7679,40041.01
2.12,26,2.33,3.54,38.0245,-116.5837,16703.17
2.05,34,3.95,2.85,33.6302,-115.949,7928.33
13.05,46,4.91,5.66,34.3381,-115.5496,131625.13
11.0,34,1.8,5.14,32.2371,-120.0495,97548.19
7.9,29,2.99,4.49,40.3495,-123.4874,72205.54
2.82,4,6.38,4.57,41.7469,-119.9812,32273.63
8.14,17,7.62,3.31,33.3546,-117.2624,96123.76
7.89,35,9.99,5.6,34.3148,-119.4965,78980.53
3.84,13,9.4,4.47,40.6841,-116.5104,40687.58
7.36,41,6.78,4.64,41.2646,-120.4302,78873.13
6.88,39,4.79,5.31,36.1963,-117.6526,66205.72
9.81,15,6.73,2.37,32.5062,-122.1358,105609.3
10.07,29,8.07,5.04,32.3939,-116.5063,111108.34
2.11,29,2.07,1.98,37.7395,-118.543,15363.63
6.56,11,4.69,2.73,35.929,-121.9594,33275.89
9.95,32,8.56,2.68,32.2865,-121.0809,91596.73
8.29,2,4.45,5.89,37.8325,-116.5139,95244.82
13.06,47,6.15,5.28,32.113,-119.174,127053.35
10.39,14,6.29,4.51,39.8737,-121.8397,100900.7
3.7,20,2.66,4.64,35.0643,-114.3273,46605.85
2.45,22,4.26,3.81,32.4026,-116.8487,22273.75
10.17,11,4.01,5.74,37.8835,-114.4287,79957.67
1.86,27,1.24,3.48,35.9768,-119.7289,422.98
9.41,3,1.22,2.9,41.738,-119.249,97726.48
14.19,17,8.49,1.82,37.442,-115.0204,143230.09
9.27,44,3.46,4.93,34.7524,-118.7495,103097.56
6.74,28,5.66,4.67,39.0944,-116.9272,58696.31
10.18,29,3.69,2.92,34.7149,-121.4783,96773.99
7.69,21,9.47,1.13,41.0424,-119.5327,70350.97
8.87,47,3.33,5.19,35.7472,-122.7655,78902.06
14.21,16,4.87,1.06,37.4987,-121.9402,123697.96
6.71,37,8.85,4.52,32.5057,-123.9906,62612.15
14.48,20,8.58,5.85,36.2612,-123.6073,144816.31
13.72,6,2.67,3.19,40.3236,-114.2272,135614.69
4.14,19,8.22,2.17,40.0565,-121.5765,64454.53
2.44,5,5.12,4.52,34.2432,-117.3669,43438.85
2.86,3,5.35,5.09,34.2608,-115.609,21939.01
1.75,1,2.2,3.73,40.1731,-118.4934,-3058.37
2.77,38,1.73,5.84,41.304,-122.4686,22021.0
10.72,15,7.55,1.26,32.9536,-116.7188,112862.1
2.46,34,5.47,3.52,36.5006,-117.9975,14274.16
5.81,35,4.93,4.59,35.3745,-116.6875,47578.24
12.91,49,7.57,5.31,40.7069,-116.3025,142217.55
1.81,25,7.89,1.9,32.8352,-114.2459,16399.48
12.5,24,2.43,5.0,34.1113,-118.2644,128937.5
5.31,12,6.49,3.76,39.5247,-120.5836,44713.94
3.1,18,2.22,2.98,32.5129,-117.5154,28846.6
10.91,15,7.76,1.66,36.9254,-123.3156,107618.62
9.99,44,6.91,5.33,36.4211,-115.026,90602.27
13.35,16,9.61,1.79,35.344,-122.8062,147721.0
11.42,27,1.62,2.55,35.9457,-120.7216,97656.23
12.35,8,1.51,2.45,37.2994,-115.8425,125720.57
5.31,46,3.54,5.36,33.6137,-118.0269,45110.78
3.9,25,3.36,4.36,37.72,-120.0636,41020.24
11.63,17,3.22,4.98,40.0543,-119.2656,111300.23
12.39,29,9.16,2.25,39.6016,-115.4545,133576.93
14.87,8,3.25,4.12,33.539,-120.6,138891.97
7.07,15,3.45,3.86,33.4925,-115.3035,81342.53
6.52,27,7.83,5.16,34.6817,-123.1187,64578.97
11.98,46,5.05,5.53,35.6107,-116.232,102780.97
6.1,50,7.99,1.06,36.0846,-115.5245,66479.15
14.07,7,1.59,4.37,38.797,-122.1818,137495.5
13.09,3,5.39,1.26,32.5668,-119.6965,115838.62
7.29,29,1.3,3.74,32.3467,-122.345,72852.68
11.64,44,1.56,2.44,35.9191,-116.934,122113.96
11.69,24,9.16,2.53,38.9716,-118.6465,131142.36
2.89,3,2.25,2.76,33.9344,-117.6468,25113.48
13.68,20,5.79,4.11,38.415,-122.0351,137915.18
8.32,46,4.7,2.67,34.5983,-121.8825,80654.36
12.66,15,4.13,4.66,40.8609,-123.585,140665.03
5.82,25,9.1,3.02,40.9569,-120.7793,51239.11
13.59,30,1.2,1.34,34.9729,-118.4026,128451.41
6.75,14,6.97,4.92,34.2999,-115.4207,59761.8
1.65,7,9.67,2.43,36.113,-117.3307,5414.49
13.72,17,6.04,3.16,34.4053,-119.646,140049.87
2.73,44,9.43,4.43,38.7238,-114.4688,42298.98
5.81,20,1.47,2.66,40.2606,-116.8075,54052.16
14.33,36,4.77,1.28,38.7309,-114.6983,132882.03
14.33,9,3.34,2.87,40.2435,-118.7241,145077.6
9.24,38,7.58,5.72,35.9699,-121.411,96565.18
10.03,48,9.83,4.21,33.5632,-123.4717,97588.37
7.55,22,3.31,4.36,39.3795,-116.7392,87682.35
5.46,2,6.89,4.16,35.6047,-122.787,48473.38
5.94,24,2.78,1.99,38.7127,-120.9722,54923.3
10.58,8,6.09,3.09,34.7064,-118.6753,110077.88
11.66,11,5.18,4.75,32.8123,-118.3558,120594.64
12.19,13,9.75,1.51,41.9258,-117.9942,125494.28
12.16,17,6.48,2.39,33.562,-122.3374,109638.8
2.73,8,4.15,2.38,41.8842,-120.2026,51241.11
8.17,21,2.03,3.16,41.7728,-117.8281,77307.3
2.28,18,2.36,5.9,39.9382,-114.3018,21512.68
8.92,30,3.03,1.34,38.5942,-116.7237,93480.61
7.46,18,3.26,3.59,37.7781,-114.774,66987.95
13.48,46,8.66,1.9,40.661,-116.3779,134529.26
6.24,47,6.05,5.85,34.8944,-118.0828,52198.1
3.08,31,5.71,1.57,36.6768,-122.0798,34239.51
3.43,38,2.03,3.02,38.1939,-117.3331,27848.77
11.78,32,8.74,4.69,36.1119,-117.7662,120250.19
9.85,11,7.51,4.52,36.2749,-117.9753,89333.63
2.87,45,1.61,3.11,35.3028,-119.1021,15782.84
2.64,25,7.37,2.73,37.6423,-118.7134,13114.59
10.96,33,5.89,2.99,40.5057,-120.6556,101242.7
2.48,38,1.74,2.32,34.0153,-118.8069,-4561.24
12.6,41,5.12,2.03,41.3443,-122.0244,120780.0
11.03,8,5.36,3.42,38.8909,-115.9483,105811.6
2.6,11,2.49,2.34,40.2327,-122.1422,26952.11
2.65,22,9.51,2.44,37.5619,-123.1503,28769.08
14.82,51,8.65,4.28,39.7952,-119.6375,158711.8
6.55,24,7.02,5.84,32.162,-117.4169,90801.1
6.5,41,5.16,4.02,40.1838,-119.6228,73649.39
12.47,17,4.71,1.38,32.4014,-121.2325,120409.92
14.29,12,6.86,1.38,40.8991,-118.4183,139782.09
14.81,46,5.91,5.76,41.9196,-120.53,153413.63
11.67,32,1.56,2.49,34.9407,-114.6713,96699.55
6.58,15,5.61,1.46,34.1032,-114.7735,63514.97
2.63,16,8.26,4.0,39.6536,-118.9763,25248.47
11.99,22,5.13,4.12,34.5303,-120.7212,124870.31
9.04,28,1.47,4.24,40.6556,-116.6287,93201.66
7.23,20,8.08,2.34,33.0284,-123.6329,66192.39
13.74,33,2.81,1.08,33.2596,-119.2523,131037.27
3.0,10,3.33,5.83,41.7915,-120.6368,33367.04
8.15,40,2.48,2.25,38.7384,-114.7946,70075.79
1.65,32,3.97,4.38,40.4689,-123.88,26032.18
7.83,50,7.81,4.53,35.2433,-118.4719,81937.75
2.26,33,5.67,4.05,38.7648,-116.5934,22635.1
3.1,2,2.84,2.56,37.9424,-119.1498,35361.41
3.09,33,8.9,2.36,38.0315,-123.146,26673.09
10.26,33,8.92,3.99,38.8253,-114.2754,96300.09
11.57,41,8.84,5.33,37.7536,-118.8199,110173.78
9.38,13,3.15,5.73,36.2906,-117.8581,97355.67
14.49,30,5.06,1.53,34.7592,-121.6339,145981.15
6.56,33,9.86,1.77,39.6858,-119.165,62471.86
5.36,13,7.95,5.72,34.2627,-119.7085,62054.82
13.23,26,1.24,4.68,38.9235,-123.251,127176.54
4.52,22,1.59,5.41,34.3333,-122.9384,35238.89
14.5,39,5.18,2.01,38.2533,-115.6253,145630.42
1.66,2,9.18,3.94,39.4708,-121.6018,9677.7
14.59,38,5.85,4.51,34.1871,-122.0504,126799.76
2.08,39,5.48,4.4,32.5994,-118.9509,18268.95
13.53,26,1.95,3.04,33.3097,-116.3125,126188.86
8.62,46,6.91,1.08,38.06,-123.3805,82189.46
14.91,50,8.4,3.91,40.4945,-118.2319,137459.67
2.5,15,4.42,2.27,32.45,-122.8079,37118.32
8.98,34,7.98,3.25,39.3415,-123.6354,82800.07
14.59,42,9.68,5.79,35.4132,-123.4726,140483.01
8.56,44,2.83,3.0,36.7853,-115.6584,85493.83
10.0,49,5.71,5.2,41.2886,-122.8203,82628.86
10.89,40,3.58,1.94,35.3197,-123.5485,91602.5
7.64,11,8.14,4.36,36.6534,-119.621,81871.53
9.97,3,6.2,5.89,32.1368,-115.5601,96283.52
9.39,6,6.71,1.51,32.816,-121.3759,87187.05
13.67,9,8.18,1.04,34.5859,-119.7829,145611.73
2.11,6,4.56,3.17,32.2785,-123.6008,13709.78
5.29,9,9.24,1.46,38.3138,-119.5092,53436.88
14.33,39,5.8,4.74,36.264,-118.2239,131916.7
13.52,31,2.42,5.57,37.4815,-118.2909,134673.37
7.65,32,7.26,3.17,33.7465,-120.6757,89299.76
9.87,41,8.14,2.29,34.9593,-120.8447,79372.6
5.24,50,3.85,3.17,38.6382,-122.9338,49500.58
4.04,12,8.71,4.62,41.653,-120.332,50734.88
7.76,8,9.16,1.05,32.5042,-123.0051,76850.22
6.27,8,3.49,3.95,40.9038,-116.334,51149.58
9.38,50,9.85,4.07,37.7688,-114.3373,96713.64
2.55,28,2.27,4.19,37.6392,-114.2993,32594.54
14.65,20,2.82,2.21,37.0028,-115.3493,154152.22
14.81,47,2.66,4.57,32.6939,-117.9921,147018.09
10.93,7,9.05,1.46,32.8988,-116.9913,113666.14
8.74,11,6.89,2.0,38.0091,-121.1479,80154.87
5.68,20,2.37,5.39,35.4096,-117.6923,63020.45
12.49,16,4.96,4.69,41.1727,-119.4435,132472.57
10.74,4,6.54,1.07,36.0659,-119.1798,98568.42
3.7,6,1.75,2.24,33.4328,-116.4222,40247.8
13.8,22,8.94,2.07,39.1472,-121.1808,146177.24
12.6,26,8.23,2.35,34.9335,-120.8196,135631.14
14.32,3,5.55,2.24,37.2547,-114.7536,144253.1
11.3,41,9.7,1.31,38.9783,-123.4378,104781.32
9.78,42,4.76,3.29,41.0026,-119.1437,89971.84
7.15,14,9.86,4.66,39.9219,-114.872,63559.5
14.09,11,7.01,4.03,38.7636,-117.8964,141585.39
13.19,18,6.71,4.36,38.7963,-118.5359,129678.15
2.11,12,2.49,1.41,41.4592,-121.5026,42172.36
1.86,23,8.94,5.76,34.9582,-120.5672,27988.77
6.58,12,4.85,5.19,32.0111,-115.4795,75163.48
12.44,13,2.46,5.03,34.7195,-118.4078,127534.52
14.83,25,1.11,5.11,34.1789,-118.8526,141148.82
3.53,45,6.04,5.66,38.6183,-123.0042,29368.1
9.52,51,5.75,3.72,38.3371,-123.8397,90020.31
6.64,19,7.47,2.0,37.9346,-114.3631,69517.33
14.59,46,9.01,4.08,32.1624,-120.2301,148472.7
12.87,36,1.71,4.71,39.2878,-117.9679,124549.09
12.82,45,7.58,4.69,35.2353,-123.2028,123177.02
7.83,8,2.69,3.61,38.6506,-117.1689,71820.84
7.1,29,8.72,1.34,37.5658,-114.6743,58131.51
5.19,32,8.37,2.86,35.4273,-118.2433,64860.79
2.26,51,5.87,5.6,33.3458,-122.7388,40810.3
13.17,44,7.39,3.92,32.9442,-118.1828,141812.37
12.47,18,3.83,3.69,40.3152,-116.3365,111117.34
15.0,6,5.24,2.34,41.184,-119.9358,159188.17
14.95,18,8.39,2.84,38.4979,-115.2016,161280.76
9.0,19,5.13,5.48,33.0343,-117.5132,84986.62
11.88,22,4.22,4.33,36.0203,-115.0075,122300.27
14.25,37,5.45,4.94,39.2894,-117.7649,135479.97
12.97,32,8.45,3.27,39.7982,-122.6871,145033.29
4.84,41,4.02,4.15,33.1822,-120.9031,48718.71
7.58,3,2.56,2.24,32.0003,-121.9821,66936.45
3.24,28,7.41,4.53,39.1214,-114.9117,38644.08
14.38,10,8.43,3.14,35.566,-116.396,156660.81
9.68,51,1.91,3.21,34.5448,-117.236,93673.32
4.59,35,3.16,4.25,32.129,-120.9903,47499.42
10.57,29,2.28,5.68,37.403,-122.1596,101538.47
9.84,15,4.13,1.32,40.5115,-116.4355,87226.2
6.34,33,5.05,5.12,41.5763,-119.2584,59571.66
3.03,7,7.74,2.46,37.6574,-121.7421,37962.4
10.57,12,6.86,3.22,37.1446,-117.8338,105683.73
8.52,49,6.59,1.11,32.8506,-123.5967,91269.65
11.93,30,4.17,2.51,37.4887,-120.7383,113710.18
8.52,21,8.57,3.51,35.7998,-119.3144,83066.09
13.0,31,5.24,1.28,38.0714,-122.5204,137447.2
8.95,24,9.81,3.46,35.8873,-114.1535,93185.53
9.07,20,6.71,5.64,34.403,-121.909,86245.78
13.33,37,2.14,1.53,32.9497,-122.6965,140549.05
6.95,4,7.09,4.82,35.1492,-121.9647,64311.64
3.31,28,3.93,3.05,32.9664,-116.3094,24080.51
1.89,44,7.18,4.28,33.769,-119.7449,-11488.49
11.69,20,1.63,2.3,41.8734,-118.3458,109485.31
9.87,24,2.57,1.8,36.441,-123.7899,110132.17
11.01,50,8.7,1.8,37.3187,-123.6557,88187.07
4.38,49,3.04,1.35,40.7362,-119.5417,30495.8
3.34,51,8.53,1.93,41.9557,-115.8334,36376.69
1.7,32,3.51,4.32,37.8271,-115.1476,-8189.67
6.23,41,6.79,5.41,40.1247,-123.1329,54865.01
9.46,36,7.25,5.07,35.2694,-118.6164,104512.63
6.8,34,5.61,4.43,35.0574,-114.8677,86506.26
7.41,36,3.75,1.55,36.027,-120.1203,74812.47
13.71,2,2.91,2.45,38.7251,-115.7043,128355.33
6.2,15,1.3,2.55,38.8219,-122.663,50783.71
8.44,34,3.74,2.25,35.1524,-114.6461,83644.08
12.08,36,6.88,3.58,33.3321,-116.4858,122375.63
6.85,6,9.44,3.68,38.324,-114.5867,90095.29
9.9,39,8.84,2.78,33.2833,-117.2338,108394.05
13.14,42,7.89,2.77,37.7849,-120.366,131155.06
14.32,51,8.1,5.14,38.9342,-114.6182,137255.93
3.49,51,6.98,4.95,39.0061,-121.2443,61952.12
14.01,12,3.34,2.54,39.5347,-120.6783,146073.95
8.14,3,9.16,5.57,40.7286,-116.9919,77321.48
4.99,45,7.04,5.76,36.9996,-116.3468,44945.77
7.7,18,6.04,2.63,39.3025,-114.706,68656.45
14.73,40,2.0,2.77,38.1917,-121.952,119423.5
8.15,21,5.02,3.53,33.8664,-116.02,83977.51
5.94,15,5.14,5.71,32.2569,-116.6145,76581.54
10.05,33,8.78,5.38,34.8454,-123.3621,83670.43
4.74,35,5.92,1.51,36.4303,-120.1278,46959.63
2.52,26,4.42,2.96,38.1711,-121.1723,16852.95
3.24,8,9.79,3.77,40.4996,-120.9551,40579.03
3.23,36,2.0,3.52,33.9625,-114.1705,26920.7
3.55,48,4.8,1.97,33.2555,-117.5722,18908.45
3.37,30,1.38,5.29,41.6348,-116.8232,19991.96
10.15,23,7.66,4.38,33.0804,-114.2338,93412.99
3.96,42,9.26,5.19,36.7849,-120.228,51916.18
6.17,44,3.52,5.29,37.8556,-115.9816,70405.59
13.61,14,8.73,4.74,37.4137,-119.6547,134529.52
7.9,14,3.63,3.2,32.8603,-115.3047,90733.03
10.51,2,9.2,4.05,32.5703,-122.1934,106553.16
3.83,37,7.79,1.8,33.0548,-114.5231,34688.37
4.1,5,8.24,4.37,37.8559,-121.8123,43880.18
2.05,38,1.16,1.9,37.4434,-120.7378,19558.25
3.78,45,9.67,4.47,34.3374,-116.4381,31239.55
5.26,41,7.54,2.15,38.3777,-120.0624,51843.66
3.89,47,3.74,1.59,40.2007,-117.9179,43466.23
2.7,14,8.46,1.83,32.4158,-119.5543,30576.4
3.13,39,3.53,1.01,36.9813,-116.5763,29289.83
7.72,25,8.85,4.59,38.8931,-121.7167,82689.8
4.29,20,2.01,4.66,34.5231,-123.4154,47174.06
6.42,2,7.33,3.57,35.0777,-121.0007,65967.84
8.3,39,5.87,1.81,38.1364,-119.2569,76750.19
10.82,6,1.87,1.42,40.9794,-122.3198,110001.03
2.03,17,3.18,1.1,40.0992,-120.452,3920.36
12.29,25,1.11,1.83,37.8313,-120.0002,118302.78
9.98,28,5.22,5.45,39.3022,-123.4261,73259.4
2.6,2,3.71,2.21,35.6482,-118.1669,10234.08
13.29,35,6.39,2.77,38.4097,-115.1566,113502.14
13.93,37,3.68,1.53,36.6618,-122.4826,147454.52
2.32,5,3.7,2.11,33.8994,-118.0219,24056.82
5.24,1,7.69,3.6,39.0174,-117.3526,42444.51
12.38,40,1.43,4.04,37.5646,-119.8067,124213.66
11.6,12,9.13,2.23,35.5862,-116.989,128582.54
3.99,36,8.67,1.29,41.1134,-119.8927,45332.86
4.33,45,7.01,2.96,32.2093,-118.9536,39529.9
6.5,23,6.34,2.17,35.1577,-123.9265,67543.87
8.04,47,9.03,2.1,32.5688,-117.0828,88599.97
9.85,31,2.67,5.8,39.6653,-117.3866,90302.54
6.48,11,1.71,4.08,39.0211,-123.616,63629.67
7.74,10,3.16,3.78,35.3135,-120.3175,74274.07
11.59,3,8.15,3.08,38.7566,-114.2097,102616.84
2.0,14,1.31,3.14,35.9594,-119.7926,27478.68
4.91,16,6.25,3.7,39.5625,-118.9805,70087.72
11.13,10,9.96,4.48,36.5418,-114.9007,105198.05
13.59,29,8.7,4.51,36.1228,-116.8274,145623.8
8.41,10,5.69,1.86,41.3473,-118.1793,76967.06
8.68,12,1.57,3.5,34.5088,-116.022,86662.88
2.95,30,8.48,3.06,33.2045,-115.3563,44902.12
7.54,41,6.39,5.35,37.8454,-119.4311,67685.61
8.69,1,2.03,4.16,41.6932,-119.2489,86420.14
4.77,5,1.84,3.66,35.7784,-120.1395,29006.97
5.13,20,9.19,1.58,32.6204,-114.3329,46778.96
6.59,8,7.02,4.03,35.3931,-117.0283,48338.28
1.77,43,8.46,1.59,37.0593,-123.1678,21444.78
5.85,12,8.91,2.69,33.6192,-115.3704,69264.38
4.35,1,6.15,1.71,38.581,-119.1944,43745.65
5.92,20,5.66,4.46,41.9775,-123.3125,61550.87
3.12,28,4.87,2.03,36.5174,-118.5028,26968.7
13.52,43,3.85,2.96,35.5473,-119.8284,139342.45
9.51,37,4.91,5.48,36.007,-115.2225,93505.62
10.67,47,7.96,2.02,33.1515,-121.9601,85517.37
12.15,37,6.42,3.54,40.8327,-115.7354,129347.81
8.23,12,9.03,3.1,36.1483,-118.4231,80789.57
2.67,37,4.99,1.09,35.8727,-123.4539,12464.21
8.75,49,6.46,4.96,38.5969,-114.2815,79952.66
9.42,49,6.68,1.35,36.4203,-118.8738,73214.3
11.56,44,6.33,3.37,38.4823,-121.0912,100855.11
7.33,28,7.32,3.8,32.6145,-119.3059,74449.5
3.22,47,3.14,4.14,40.1372,-115.4214,30095.12
5.33,15,5.61,4.44,41.405,-120.951,56337.39
6.4,6,1.94,2.27,38.4877,-122.0732,63721.1
10.22,44,4.46,1.05,41.5457,-122.7093,92786.35
9.21,20,5.39,4.62,33.5143,-121.0214,90864.41
6.31,50,6.87,3.68,36.7742,-116.1995,56058.93
14.82,14,9.55,5.18,38.0181,-119.2837,133763.18
9.68,2,6.41,5.11,37.8174,-121.7252,90547.85
4.7,9,7.69,5.22,36.0146,-122.3382,57274.41
2.87,37,5.56,3.43,35.3808,-120.6727,42633.94
3.56,20,6.71,2.67,33.2682,-114.6008,42666.75
4.82,26,1.64,4.96,35.9174,-120.5697,60368.98
3.67,29,3.29,3.26,33.6266,-114.1188,35320.89
4.02,1,4.26,1.92,39.3437,-119.1477,59077.76
5.35,35,5.25,5.27,34.0883,-122.2084,71588.88
3.84,6,1.41,5.41,32.5857,-115.0886,19547.31
13.61,37,2.26,3.33,37.5237,-119.3964,134745.93
2.58,5,3.49,1.38,37.9523,-116.9033,27495.3
8.58,33,9.74,2.94,40.7191,-114.1629,82246.96
7.04,49,3.98,5.02,37.7698,-123.4982,70903.16
14.76,51,5.34,5.51,35.4548,-123.0331,143928.25
3.01,14,2.76,2.02,40.0301,-116.7954,22119.51
6.87,12,6.5,1.33,37.4028,-121.1817,70084.95
14.59,42,3.53,5.39,32.7928,-122.157,153893.95
13.18,20,2.86,2.95,37.6585,-123.6064,132170.38
12.53,50,5.65,3.71,41.0802,-123.7815,128281.55
4.98,24,1.05,5.84,35.9631,-116.2551,43402.47
3.81,43,1.07,1.33,34.9633,-122.6557,38456.64
10.53,34,2.97,4.24,33.4347,-119.3228,90020.85
14.05,25,1.33,1.37,33.5145,-117.941,133256.8
9.02,50,1.97,2.88,36.3277,-119.7165,84294.31
9.22,29,4.05,5.02,37.9568,-123.7289,77055.64
5.28,39,8.22,3.17,32.8062,-116.165,43756.83
11.89,31,6.15,5.99,41.3957,-123.8949,120209.12
4.03,47,5.61,3.8,39.5513,-116.3811,38563.32
5.87,43,3.64,2.61,37.8662,-115.067,63500.65
7.24,50,9.39,2.1,40.2844,-119.6716,65459.89
8.35,23,4.57,2.75,32.8019,-118.6446,83236.02
4.77,44,1.78,2.86,36.7684,-119.2302,36613.33
3.05,38,6.55,1.34,38.3009,-120.1079,36634.29
9.74,20,2.02,2.85,40.2865,-115.1258,107462.46
5.4,23,4.11,3.32,39.8347,-115.0607,57592.25
9.35,45,5.57,4.61,34.7707,-120.6418,101013.94
3.58,16,8.87,4.28,41.4088,-117.8493,37676.0
8.0,50,5.44,4.54,33.2435,-114.7309,84413.94
8.69,42,7.32,1.04,40.7513,-114.3794,86802.18
2.2,8,9.94,2.09,41.7094,-118.9104,15293.72
6.04,50,2.18,4.31,33.7715,-119.4718,57664.21
3.31,21,3.47,3.42,39.2207,-121.2131,21756.03
2.36,1,4.55,1.03,32.4029,-114.4113,48857.29
14.86,8,4.8,5.02,36.0542,-122.5719,145353.12
5.85,29,4.7,4.86,37.1628,-118.2017,62942.38
12.43,32,9.17,3.74,37.8065,-121.1745,124438.87
4.94,38,7.43,1.33,41.3594,-121.2099,36579.87
10.7,5,6.47,4.83,38.7225,-119.9503,89300.77
11.76,47,3.78,3.92,36.8128,-114.0121,121104.14
9.54,22,8.41,4.91,40.0968,-123.4503,111425.41
7.87,47,9.6,4.76,41.5053,-118.2146,70023.96
7.06,34,8.39,5.02,32.2207,-123.1743,53322.07
6.21,1,1.01,3.59,41.8252,-122.4548,58176.37
14.05,26,6.73,1.7,32.8613,-119.6044,131383.83
12.71,43,1.46,4.36,40.1439,-118.8954,115718.84
14.53,10,3.32,4.1,34.8033,-121.4121,150833.74
3.18,30,1.54,4.71,33.3218,-120.8354,27652.37
11.37,50,6.43,1.85,36.3986,-123.1303,103064.92
14.17,18,7.18,1.97,38.4396,-120.9678,148784.01
3.95,17,2.03,5.45,35.8095,-114.3344,43848.72
2.4,26,4.45,4.75,32.5457,-114.5529,18829.43
11.51,8,5.11,5.54,37.9946,-120.6512,116572.17
9.26,47,4.32,4.79,41.024,-118.2915,93828.02
12.86,40,2.09,3.99,35.8322,-114.904,128709.03
3.39,49,4.77,4.27,34.1633,-123.9382,30510.14
12.24,12,7.76,5.45,36.4258,-115.8932,137770.86
4.22,27,1.64,3.89,32.4836,-114.5163,44979.81
3.71,8,1.72,4.16,40.2049,-123.0867,31405.21
3.72,25,4.19,1.78,40.2634,-122.3855,31814.31
12.5,46,9.48,3.37,37.88,-114.3925,118548.14
10.48,4,7.02,4.58,35.531,-118.6246,112857.21
8.56,33,7.11,2.35,39.9978,-123.858,78922.52
6.34,1,4.26,2.01,37.5469,-121.4237,60578.01
13.34,19,6.34,2.57,40.2593,-119.5006,144479.22
6.8,31,1.09,2.21,38.3146,-117.0709,66698.32
12.52,16,6.72,2.07,39.8441,-116.6684,138324.33
7.43,14,9.22,3.12,37.9856,-114.0458,84554.6
6.59,48,6.51,5.54,36.1414,-121.1249,50926.28
7.75,5,8.86,3.54,41.5795,-118.6178,79346.67
5.57,41,7.52,1.94,37.4111,-118.6668,64677.49
11.59,26,2.09,1.38,38.0509,-119.9435,101709.24
8.29,28,9.12,4.48,34.2049,-122.3084,87513.11
4.63,2,1.6,2.91,38.2565,-114.2254,45634.64
13.64,50,5.81,5.11,37.7161,-115.4668,115224.11
6.68,6,2.28,4.3,33.8484,-119.0167,67246.59
8.84,9,1.11,4.98,32.5959,-117.9675,78186.32
13.74,33,4.8,2.36,38.0436,-121.7274,124115.48
9.93,41,3.66,4.46,39.6369,-118.5621,95783.41
3.08,25,5.37,2.32,37.234,-117.0503,10980.47
14.19,48,6.19,5.7,34.2677,-118.8483,131742.1
9.97,13,1.39,4.18,38.6652,-114.0971,123352.74
6.02,9,2.11,2.62,32.8011,-117.8866,66071.22
3.38,13,6.03,2.35,36.4183,-120.2903,25995.75
12.22,31,4.09,1.95,33.6337,-116.2785,134601.66
9.87,41,7.56,4.47,33.8446,-122.2954,87118.56
8.7,11,6.87,2.09,34.0229,-120.1548,83171.05
13.57,4,8.61,3.98,35.8671,-120.5304,126922.49
12.15,34,7.23,2.32,32.5115,-119.6819,123579.8
3.55,38,4.87,4.31,35.9779,-116.1822,46528.3
5.71,46,7.06,5.07,37.1171,-119.1583,44518.94
4.85,4,3.48,4.89,36.8329,-116.0599,27768.57
11.54,38,3.76,4.8,35.8278,-118.2351,122949.67
1.95,19,8.1,1.94,40.3915,-120.5793,36606.01
9.19,6,5.02,1.44,33.4533,-115.9002,73427.2
11.79,34,8.19,4.49,37.057,-121.6171,121848.54
13.34,18,8.4,2.84,32.6204,-121.7562,137213.05
6.12,13,8.72,3.16,32.7116,-118.955,55437.25
12.59,41,9.25,1.16,37.7387,-121.3915,112133.44
2.99,23,4.88,2.3,37.6602,-123.9091,39267.5
12.93,19,3.87,1.17,40.7803,-117.517,130774.71
3.22,45,6.24,5.4,37.5787,-118.8891,31744.26
6.86,11,4.34,2.22,41.5979,-119.5448,62786.31
12.26,1,6.41,3.79,32.4869,-114.3303,116548.91
3.52,24,7.35,1.19,32.9801,-118.288,11568.26
4.59,7,7.2,4.33,32.4407,-115.3657,45220.72
11.25,25,4.37,2.62,33.8528,-122.6055,125787.26
11.22,21,2.5,5.49,37.4127,-118.3079,100800.46
10.16,15,4.87,5.44,38.4557,-115.3202,85678.85
10.87,1,2.28,2.63,32.4559,-118.1689,113307.65
8.83,12,9.01,5.5,41.4597,-116.8199,96155.8
4.9,7,4.11,5.98,40.4217,-120.2796,42701.94
6.17,15,2.39,5.13,34.9661,-123.0755,56368.36
3.95,21,1.23,5.22,32.7719,-119.421,39088.03
13.76,19,6.81,2.25,33.6989,-120.0552,136874.51
9.38,29,6.73,3.88,33.2694,-115.3294,103102.29
6.91,25,4.07,1.34,33.2328,-121.56,92605.43
7.74,33,1.65,1.47,37.1856,-114.3327,57392.36
14.29,49,4.69,5.99,34.4585,-114.4186,150845.55
3.57,32,3.8,2.63,35.5814,-121.5237,34663.6
9.41,49,7.09,4.74,41.8951,-120.5195,105205.01
8.33,35,6.45,5.03,38.8431,-115.0444,88759.55
9.75,44,4.28,5.29,41.4898,-114.3338,94264.56
1.74,38,2.96,5.99,33.4256,-119.5656,20883.23
13.27,26,9.89,2.21,35.8214,-120.79,130440.44
14.08,11,5.09,1.2,37.5473,-118.7391,134141.99
9.13,35,7.19,3.06,32.7676,-117.1223,98585.63
10.9,8,2.26,1.65,32.0419,-121.2653,100391.72
13.95,46,5.37,1.11,38.7043,-116.6353,143675.73
11.05,14,1.25,2.8,38.4182,-123.4834,109192.48
3.56,10,5.55,4.92,36.1079,-123.5071,12604.58
9.28,2,9.68,3.83,36.8964,-120.1371,90547.18
9.69,46,4.46,2.56,36.1544,-120.4653,97110.38
7.23,9,1.35,4.27,32.2401,-120.8437,66733.99
11.44,3,1.28,2.16,35.3537,-119.0898,88624.68
14.11,21,4.49,1.07,33.7708,-120.7927,154131.5
14.0,26,2.44,4.82,32.9842,-122.0774,138867.75
7.59,8,1.21,4.12,41.5672,-120.9053,78906.39
3.03,48,7.81,4.81,37.9936,-114.251,23229.24
14.8,2,5.13,1.19,39.2866,-119.8889,155322.9
12.83,6,3.6,5.19,35.1536,-119.5529,146291.2
3.18,28,9.1,4.1,35.9315,-118.2346,24969.27
13.93,29,2.05,3.82,34.3692,-114.1666,152949.13
13.24,26,9.6,4.12,32.9697,-121.584,137349.64
8.5,25,3.83,5.32,33.7903,-117.1872,74124.67
9.48,12,9.0,3.93,39.9751,-116.8402,119044.91
6.89,5,6.43,3.9,38.7755,-117.9268,74361.4
2.24,34,8.44,5.95,37.4693,-123.1142,28199.79
6.03,48,9.86,4.78,36.7509,-117.2313,56302.48
12.34,37,3.6,3.21,41.2243,-123.3591,112573.73
1.56,15,9.65,4.54,32.7273,-118.0386,19241.13
6.0,44,4.51,2.95,34.806,-116.6042,72784.64
6.88,36,4.47,2.14,35.4994,-121.8903,63696.4
8.75,15,4.06,3.98,39.8243,-115.5838,86568.49
13.92,43,5.87,5.64,41.9251,-123.6965,150706.28
6.18,48,2.39,5.65,34.4067,-115.5619,53496.73
6.18,23,5.98,2.71,40.7431,-119.3967,66779.76
11.46,6,5.88,3.64,40.3062,-121.8241,124621.51
7.6,46,7.86,2.06,34.2466,-122.6622,72744.19
4.53,50,8.5,5.98,35.9933,-114.4669,45854.38
7.61,44,4.96,5.91,36.0967,-123.2733,79018.03
3.4,43,3.72,4.25,41.7822,-122.0091,26275.85
3.88,45,3.33,5.02,33.8089,-120.5218,42616.65
8.23,21,2.75,4.58,39.9916,-117.7977,74731.14
7.16,23,1.52,3.97,35.3419,-118.552,62118.12
13.85,43,4.08,1.27,39.3087,-122.7436,120588.59
6.39,16,3.43,3.27,36.2001,-121.1027,57999.38
9.34,47,9.7,4.37,37.7836,-121.6125,84083.97
10.04,15,6.02,4.39,40.3261,-121.8646,96584.26
1.68,25,4.13,2.87,40.0417,-119.8886,21623.93
10.46,36,6.22,5.71,40.6642,-116.9597,85140.26
3.9,11,2.25,1.84,32.5962,-121.8255,18726.29
14.47,51,5.0,3.5,38.9205,-120.3332,133559.21
3.51,15,6.64,4.45,33.3999,-120.0908,40197.3
7.1,4,5.4,4.49,36.1582,-114.2354,74841.65
2.65,21,4.62,4.24,37.4859,-114.4533,17787.38
14.96,13,9.94,2.38,36.0274,-115.9986,164250.08
8.28,22,8.92,1.78,37.1961,-121.5834,77941.9
9.54,19,6.61,4.18,41.9653,-123.3196,100175.54
2.41,34,6.12,4.0,33.3522,-120.831,18932.14
11.62,14,6.59,1.9,38.7546,-121.3321,108837.24
4.33,4,2.81,4.53,35.96,-118.9407,36895.33
13.62,48,4.56,3.28,33.3301,-116.2227,140036.0
4.27,46,1.36,4.34,33.5874,-115.4168,41088.25
4.07,27,5.28,5.19,41.4927,-115.5514,48764.03
1.99,29,5.89,1.85,40.796,-120.4032,22999.86
7.87,47,3.05,1.1,41.0704,-117.1277,59083.31
9.13,28,9.68,4.9,41.9153,-120.8717,113014.15
2.39,35,9.19,4.05,34.0832,-123.3909,27531.69
11.97,8,7.5,4.5,35.5544,-116.9843,126446.72
7.62,16,5.8,5.19,38.6922,-123.9017,72174.62
8.58,42,8.83,5.01,36.838,-119.9082,95643.78
7.45,36,2.18,5.8,36.1839,-120.7062,59318.92
6.91,30,8.11,3.68,35.5781,-117.0662,75149.29
9.06,18,2.12,3.44,37.9378,-116.3375,68031.67
3.6,2,8.15,3.01,37.7559,-120.9591,45744.09
3.96,49,3.48,1.77,33.6146,-115.8837,25113.5
13.13,13,8.89,3.86,36.7174,-121.0608,136056.95
14.27,4,9.5,2.39,37.5347,-119.5367,159906.4
6.54,26,2.34,5.61,37.7029,-116.7298,70514.17
5.16,25,5.16,3.92,34.1011,-117.0708,62747.82
10.19,30,9.83,3.96,39.4227,-114.1263,113835.48
7.02,11,5.35,2.77,32.252,-121.7484,65701.17
1.84,7,8.77,1.26,35.5483,-117.3768,27690.3
3.61,31,6.3,1.16,39.8021,-117.9032,18552.83
11.17,44,4.38,3.12,37.6389,-114.849,101684.64
10.4,10,3.57,1.42,34.6116,-122.4364,118285.55
1.87,39,2.83,4.03,38.9495,-116.482,11155.63
4.5,13,7.86,5.4,37.6739,-118.3173,27329.98
4.62,31,4.48,5.41,39.9624,-121.2533,63853.99
10.57,7,5.6,4.3,39.3503,-119.2557,112132.5
1.77,49,5.43,2.06,38.1011,-120.6622,22541.78
2.91,42,6.2,5.31,36.8818,-118.2069,16602.3
12.3,42,8.79,5.43,33.3318,-115.11,124406.57
3.91,36,9.83,1.98,34.6133,-118.307,42396.75
10.31,20,4.67,4.69,36.191,-117.6828,93813.15
4.72,4,8.45,2.43,37.993,-118.8125,48597.8
2.84,7,7.88,5.01,37.1371,-123.4883,15132.32
4.78,1,6.16,5.99,34.8818,-121.6714,45515.9
11.25,44,9.6,1.15,32.0646,-119.08,122293.46
13.05,45,2.8,5.49,36.9624,-120.8976,118284.52
12.71,42,1.98,4.11,34.8563,-122.1824,141729.98
6.86,47,8.69,5.87,39.3461,-118.9587,52123.08
10.52,13,4.95,3.33,32.2395,-120.7719,102774.25
4.27,22,8.62,5.24,37.8483,-121.4189,36673.7
5.46,21,9.04,1.31,41.4147,-119.3601,54825.19
13.6,22,1.56,2.68,33.7441,-122.6672,147490.75
1.68,28,8.95,1.34,36.7165,-114.7225,8228.45
2.65,9,5.03,5.88,32.9142,-115.323,21838.29
4.31,26,5.59,5.08,38.2568,-116.9238,48316.06
1.86,9,6.64,5.26,37.5053,-122.9379,20373.59
3.95,15,9.34,5.69,36.0737,-116.2412,42714.75
9.37,10,1.17,1.43,37.2138,-115.9204,83203.24
7.19,24,5.29,2.93,40.9657,-116.3224,70550.17
13.55,42,7.19,1.36,33.9629,-122.8603,145802.78
12.54,8,7.5,2.05,32.2256,-117.5609,111639.79
6.11,24,7.23,2.15,40.6166,-115.6568,54696.91
5.0,16,2.21,3.35,37.7712,-118.2265,30344.58
6.63,49,3.69,2.34,40.9066,-117.5359,67912.76
9.47,26,4.23,1.5,37.9695,-119.4164,106019.71
5.12,27,8.24,1.84,40.1016,-118.7129,50233.9
9.93,37,3.51,1.74,36.2967,-123.6562,86777.8
7.03,4,2.9,5.87,39.4986,-117.6104,59826.54
8.95,50,9.62,4.8,41.1304,-123.1855,84899.43
7.39,24,1.08,5.84,37.7212,-119.6499,67279.28
5.48,19,9.98,3.2,33.8079,-121.0734,66048.32
14.3,36,7.09,2.39,34.688,-118.5457,135539.24
11.81,39,8.46,4.99,33.9864,-122.6658,121283.78
3.39,10,3.65,2.63,34.4686,-117.0836,30881.3
13.22,25,1.13,2.5,35.0642,-116.0499,122067.43
8.08,18,7.64,2.16,37.5513,-122.3665,78868.24
13.58,19,8.51,1.65,37.8799,-122.9569,141025.38
12.3,36,7.66,2.28,36.265,-122.5448,131695.33
7.24,10,2.29,2.78,38.1542,-115.2287,69191.27
1.8,33,7.78,4.37,32.8157,-118.7181,5239.62
5.13,50,7.92,1.31,32.8779,-119.3274,59864.15
8.81,5,6.93,2.05,33.7183,-122.9329,81468.31
10.05,47,7.9,5.05,37.1808,-117.5044,100843.23
4.98,49,8.61,1.73,34.1399,-115.32,48437.67
3.38,35,6.52,2.71,34.8328,-115.7181,31161.3
12.77,44,1.8,5.32,36.0031,-117.7395,117734.24
14.79,34,5.39,1.77,40.1187,-123.2472,152865.49
8.6,33,1.7,1.41,32.1386,-122.876,47306.37
3.82,21,4.67,3.42,38.4938,-123.5069,48773.71
5.18,17,4.66,2.51,38.6888,-121.4252,42551.92
1.75,22,1.59,3.82,39.9866,-122.6434,19028.57
13.84,48,4.14,5.02,41.3275,-121.3995,137714.26
3.09,37,2.0,1.69,32.2014,-120.1494,40442.77
9.28,15,8.27,3.9,33.5378,-114.5702,96242.49
5.2,35,9.53,3.53,40.8617,-117.8962,43914.91
8.98,28,1.65,1.72,36.5852,-115.6503,71261.45
10.29,7,9.6,4.12,37.6459,-116.8965,102275.97
12.7,32,5.7,2.37,38.6303,-122.875,106357.25
4.29,11,3.7,3.44,38.7907,-116.6408,36333.14
1.65,10,1.69,1.41,41.3174,-121.249,12995.69
3.35,9,5.51,3.3,41.9695,-117.6089,27465.84
13.65,14,8.15,2.53,39.2016,-120.5904,138833.74
13.3,13,7.36,5.11,34.8722,-114.0233,131485.96
9.57,25,1.45,1.28,40.7975,-121.3645,90264.13
9.61,2,1.66,3.09,32.4922,-121.2087,71561.49
10.48,35,4.63,3.29,34.3108,-114.6933,89680.95
3.87,7,3.66,4.63,40.9739,-123.7536,44867.57
13.84,21,3.09,3.87,34.5619,-117.0331,144726.56
7.15,18,3.53,4.34,34.2065,-116.7467,51775.23
6.67,3,8.23,4.89,33.3813,-115.6362,60900.82
8.51,42,9.36,5.31,40.5911,-114.2556,94706.65
2.13,39,4.65,2.57,37.0006,-114.244,11773.61
3.74,41,9.15,3.69,38.7489,-123.3472,35653.09
11.46,49,3.89,5.2,34.3907,-115.7816,124503.05
2.62,11,5.29,5.95,39.5804,-117.5369,22344.23
9.64,39,3.03,5.45,39.6001,-117.5266,87332.81
4.81,24,6.76,2.86,35.126,-122.7165,46651.63
6.76,46,9.81,1.98,36.1068,-117.4981,85845.11
5.4,19,6.43,3.45,34.0969,-114.1752,58742.02
6.3,4,4.22,4.71,41.7656,-114.8818,63487.82
11.21,26,6.83,3.46,38.456,-119.6087,106633.4
5.51,38,2.11,3.42,41.3454,-123.6005,56717.17
9.15,42,9.0,5.19,35.0339,-120.3771,96840.0
7.93,32,5.53,2.81,39.8189,-115.7361,67290.21
10.46,39,5.04,5.3,39.6586,-116.985,108496.28
14.15,45,6.27,3.03,38.9166,-119.4066,137714.48
11.39,46,6.62,2.64,41.6564,-123.449,112065.99
4.4,36,1.65,3.27,35.9356,-119.7311,31401.11
1.92,40,7.14,4.81,33.3072,-119.3098,13327.18
5.04,37,3.18,1.63,38.7171,-114.7144,37499.58
9.53,33,7.43,1.98,39.2931,-117.5891,84338.82
2.19,36,8.4,5.76,37.7506,-120.8835,24542.9
8.2,3,8.24,1.88,34.0682,-118.7468,81704.83
9.56,9,5.97,3.84,37.0446,-123.3394,83536.62
6.01,8,5.68,3.9,35.1219,-114.2743,82740.53
11.91,33,2.29,3.45,36.2747,-120.3994,104663.45
2.94,6,7.98,4.22,38.4522,-119.2213,42445.03
2.51,41,3.44,2.15,39.4521,-120.4472,7310.36
11.33,39,5.47,3.76,34.3222,-117.1749,115572.02
8.19,4,3.56,2.86,36.0533,-117.3777,79916.4
10.79,13,2.2,4.31,34.6916,-116.8468,100116.43
7.37,49,6.67,1.71,33.9863,-121.3186,73589.42
4.83,2,1.49,3.85,39.8339,-120.8433,48312.6
12.56,5,7.74,1.93,41.0925,-122.7475,120266.35
12.29,44,3.86,2.39,35.7023,-117.4449,111135.61
10.88,27,1.0,2.09,39.5128,-123.602,90233.86
5.17,32,5.6,1.91,40.97,-118.0232,53782.64
9.47,21,1.42,5.13,40.4612,-115.303,79232.95
6.37,8,3.49,2.43,33.8281,-115.0917,63955.75
2.74,38,7.36,5.64,41.5629,-119.5096,31512.78
13.88,8,1.56,5.85,35.7668,-119.407,139105.55
3.35,50,8.55,3.86,35.3924,-123.2303,24385.69
14.33,3,1.03,1.72,32.6243,-117.2923,152087.12
7.52,44,3.22,2.87,36.8617,-115.7874,67469.29
