Channel,Region,Fresh,Milk,Grocery,Frozen,Detergents_Paper,Delicassen
1,3,18585,3635,1786,1431,4790,5794
2,2,20881,7453,5368,2623,3696,4907
1,3,3842,9616,9096,3775,4117,7335
1,3,12058,6534,5272,4461,2684,1352
1,1,28572,5089,4767,1773,2054,256
2,1,11101,2046,9834,3108,3639,1404
1,3,14497,6565,6994,4912,3431,4541
1,1,6658,1594,8216,6955,2797,343
1,2,13381,2911,9857,1825,4183,7418
2,2,9544,3117,4426,4198,2391,567
1,1,9718,9454,4783,4083,2835,1682
1,2,15851,11015,6427,3715,856,6561
1,1,19154,4645,8011,3603,4012,815
1,3,21539,3275,9052,4798,3540,3838
2,3,29077,7128,4701,5208,4111,3528
1,2,29290,3655,10261,6422,1996,6177
2,1,13777,4470,3349,4880,4563,3427
2,1,3628,8472,8011,2158,1962,1788
2,2,2386,10732,8055,4209,4672,2689
1,3,8031,9275,2212,2935,3485,7184
2,2,29997,5915,7965,4691,1785,3203
1,3,8439,4831,10344,5927,3763,898
2,1,24785,10795,7704,6176,2640,5171
2,3,15392,2442,8433,3374,4784,5981
2,2,22392,6526,3511,601,3300,3023
2,1,20850,8801,1143,1174,3444,7105
2,2,4282,691,11681,423,1240,1144
2,2,3856,9595,8367,4813,3327,4081
2,3,17670,1361,4228,6977,2473,1122
2,2,26364,7211,5582,435,3829,7278
1,3,3998,9775,7031,3698,2314,1946
1,1,7476,1149,5243,4411,1877,4320
2,3,11428,4634,10549,3434,3294,3053
2,1,6669,8087,3713,425,1198,5983
2,3,14336,9328,5185,2477,2484,1759
1,2,11342,1536,10549,4477,1789,7107
2,3,22702,4631,8328,1541,1361,1283
1,3,9064,2648,5633,4236,2720,3738
1,1,9446,11849,4192,409,4055,633
1,2,19815,11986,1300,3927,4848,3126
1,3,7624,5957,1723,5711,894,1289
1,2,9461,6579,6694,4128,4612,3157
2,3,3819,2930,4010,6439,3998,2812
2,3,12516,2379,6555,5189,3883,6247
2,2,15749,8042,1067,6177,2171,6449
2,3,19514,2511,3506,3003,1703,4391
2,2,24947,3873,2537,1309,3449,3959
1,3,4658,10835,1397,6758,4418,7918
2,1,5500,7857,6680,2226,3442,4463
2,2,26950,11192,10355,593,2068,2289
1,3,4120,1789,5825,1043,1871,2102
2,3,6020,1947,9747,1724,1282,6447
1,1,12213,3699,7048,803,1928,6164
2,2,5259,6881,4661,781,4051,7571
1,3,12081,10635,10943,6338,2342,2767
2,1,3823,8022,3941,2139,1348,2198
2,3,19858,6559,11849,332,453,6625
1,2,20626,3683,11987,3038,4302,3314
1,3,15467,5962,11521,6992,3742,3194
1,3,21627,3716,8067,3585,2975,5429
1,3,8990,3636,6091,3970,4837,2210
1,3,23544,3818,11151,2468,3533,7577
1,1,5134,3282,2601,1175,4384,5044
1,1,20454,9682,11985,2013,3479,2091
1,2,18743,8157,2480,3463,4508,1030
2,1,17434,5420,7230,1743,3081,248
2,1,17007,10845,10294,3035,465,4410
1,2,12233,6824,4276,2938,2540,1378
2,1,18378,6827,7447,1557,3348,5968
2,1,3141,8917,6499,4334,3559,6846
2,2,20019,1276,7273,1516,1204,3233
2,2,22384,11529,2299,361,2294,270
1,2,12135,5708,6818,2109,4917,7355
2,3,14966,1187,7701,1327,3471,7886
1,3,5361,1029,5994,6504,4722,5655
2,2,24967,5567,8489,4070,409,266
2,2,9835,8580,10727,1858,1087,5812
2,2,13172,6018,9269,3325,353,5969
1,3,18390,2653,3831,2163,3793,1977
2,3,5267,9986,3721,5353,614,5262
1,1,8564,6594,2532,2489,3624,7580
2,1,28167,7474,9429,1166,1484,2428
1,2,23312,10218,6253,1089,3348,1989
2,3,29840,5274,2996,6456,968,812
1,3,20990,8192,6311,3261,1182,2086
1,3,13411,11588,1277,6661,3402,1822
2,2,7906,3603,4089,6366,4874,896
1,1,18028,2940,1523,3829,3726,6946
2,2,21657,4635,5275,3389,2987,6591
2,1,9611,7624,6365,2948,2410,1437
2,1,19297,5701,4122,1866,1238,2606
2,2,4011,1344,9167,3266,4132,448
2,1,19826,946,6190,1641,741,837
2,1,23930,4415,5575,1267,558,1149
2,3,13246,3609,8727,4423,1049,2104
2,1,15790,1734,2797,3123,4722,3787
2,2,13738,7087,3131,4453,2744,1311
2,2,16730,726,8322,4056,4781,7006
2,1,13120,4643,7500,1026,2031,375
1,3,20213,7685,1815,6186,1672,922
1,3,10767,11651,11886,4807,1636,6769
2,1,24852,6058,9634,4185,529,4042
2,1,15703,10522,7666,2292,4554,3874
2,2,2929,686,1142,3379,4438,5066
2,1,13951,11569,2410,6562,4208,2147
2,3,22083,3035,1534,4738,4922,902
2,1,28039,2432,10908,4101,1588,2328
2,2,29851,11616,4364,2562,4385,1126
2,2,17845,9540,2032,2424,919,4433
1,2,19438,2532,4342,6571,3435,3704
2,2,17747,1752,10602,1926,4776,2717
1,2,7744,6009,7085,2206,2331,2597
2,1,20284,5574,5500,5991,1300,1349
2,1,11649,2381,2172,466,872,6236
1,1,8980,769,10080,1037,716,6187
2,1,9069,2130,5517,4784,2732,3580
1,2,11591,4905,9007,4997,3870,2078
2,3,21799,11895,2641,886,981,1453
2,1,2442,6639,1471,3561,3723,1683
1,3,24602,2074,3940,5291,3758,5664
2,1,6652,11584,9738,556,2586,509
1,1,26323,2195,5726,4015,4982,5339
2,3,26217,3758,8670,1071,1789,4152
1,2,11370,3762,4723,2173,1701,7928
1,1,9597,1945,1363,6547,3994,3249
2,1,16325,6763,11358,4847,4518,5966
2,1,6458,8911,4309,2010,3280,1764
1,3,8591,552,1545,4618,1276,5879
2,2,18346,10449,4240,2841,1300,1700
2,3,27833,6070,7665,2428,702,6612
2,3,13826,8079,2936,6842,1539,7370
1,2,28417,2166,10154,3591,4085,5065
1,3,20693,7401,1882,4378,823,215
1,2,16138,3285,4840,2550,2086,805
1,1,24652,1219,7923,4557,3550,1581
1,2,19294,9097,10062,5079,1250,5108
1,1,22724,7355,5611,5519,3972,7500
1,3,22393,2794,10057,5209,4116,3583
1,3,25012,8763,6204,2939,4218,6286
1,1,4169,10745,8288,5239,1529,6825
2,3,20556,9921,4203,2930,4314,1094
1,2,24052,10259,3244,1518,3567,1767
2,1,8313,11645,1018,1735,4151,7672
2,3,10315,4982,1641,4984,2697,6612
2,1,10036,1198,4083,2643,1773,613
1,2,29734,7743,6200,1972,2834,4320
1,2,25173,9518,9521,3409,2968,2204
1,3,2785,6418,1865,5134,1411,515
1,2,8139,848,1773,1077,975,4866
2,1,8344,5874,5732,3070,1360,5020
1,2,20800,8369,11546,3400,2583,3255
1,1,27372,807,4518,4344,2854,2049
1,1,22538,3916,7795,3947,3740,5595
1,2,16973,11026,7984,3036,4897,2153
1,3,7619,5320,3567,492,4835,588
2,2,3936,11501,2674,1851,1295,2969
1,1,28732,4058,11875,4831,223,4739
2,1,5807,4978,1739,4606,4919,3246
1,2,9151,7031,2545,736,3756,7794
2,3,11493,5120,11451,6222,1279,7424
1,3,14355,11378,10327,2886,4518,7040
1,1,29716,3485,6127,433,378,5266
2,1,5236,8612,7947,5528,3047,7933
2,3,17848,8967,7620,2852,2160,7064
2,2,4352,3047,10065,6437,1673,2615
1,1,3932,11456,5555,2574,1412,6260
2,1,12913,836,11492,2472,1009,2589
1,3,10556,10665,6645,1166,619,6124
1,2,23300,3479,9943,1089,3859,503
2,3,7498,4468,8124,4063,4016,963
2,2,12582,1410,10045,6354,1478,7741
1,2,19330,2496,4732,3600,2723,2173
1,2,15865,3629,3283,234,1640,1015
2,1,11569,5947,10521,4742,1540,6455
2,3,19823,6629,9669,3723,2421,1077
2,3,29756,6350,11918,1963,2592,7373
1,2,26114,4704,7998,3491,1561,7273
1,1,6857,7946,6413,2688,791,4998
1,1,2340,9019,2269,2900,726,7189
1,3,13181,10491,8868,1758,2703,5239
1,1,18766,814,3603,4890,1492,2526
1,1,28132,1634,6961,6321,1854,2629
2,2,10491,11438,10661,2476,387,2260
1,1,2138,5376,9569,4206,2958,4598
1,2,2358,8602,8557,4639,728,1779
1,3,23315,10212,2680,1303,633,7984
2,1,11714,8847,9433,1619,3712,4455
1,3,21840,6092,10111,5609,2004,2401
1,3,3627,2224,6682,1678,502,7097
2,1,27879,3843,9084,4114,4382,6524
1,1,17996,1386,6367,3942,637,3797
1,3,25010,11765,1069,5447,2788,1403
1,1,7004,11497,4924,3156,1032,2624
1,2,27710,1221,7200,6217,996,4075
1,2,28762,8178,11278,1582,759,3023
2,1,15283,9604,3007,2774,3788,5487
2,3,8652,3857,9992,3584,961,3485
2,1,24800,1370,9119,6418,3774,5469
1,1,21554,7251,3779,1769,3985,2263
1,3,22219,997,5920,2094,2714,5410
1,3,26401,2256,1755,2443,884,5439
2,2,4151,1617,7495,2066,4433,2179
1,3,11429,3328,11187,228,777,4548
1,2,16072,2147,6935,905,427,3331
2,3,13927,7492,10513,1220,2528,7633
1,1,8905,11675,3330,2263,2931,5728
2,2,21218,7271,6705,1646,1027,6374
2,2,14452,642,9301,3864,630,3292
2,2,27574,3261,2016,3187,1263,5026
1,1,18212,3935,8347,5955,1909,3864
1,1,20951,7122,9216,3802,1434,2536
1,1,3307,11123,5938,5262,501,3814
1,1,16852,7569,3838,3885,1620,697
1,1,27232,5012,1737,6572,4828,4017
1,2,4660,2348,7200,3568,968,7841
1,1,12403,3196,9371,3781,1604,5724
2,2,28485,2217,1231,2962,643,4843
1,1,22114,3572,2917,4237,3304,5256
2,3,12238,9759,9534,772,4555,331
1,2,8207,3286,6918,5902,3505,5643
1,3,21546,4291,3623,4288,1738,1057
1,2,3140,9980,9646,814,4130,5451
2,3,26842,4371,7401,4250,1531,6328
2,1,28421,2306,8072,525,269,720
2,1,3708,2004,3276,3940,3635,229
2,1,5630,3808,8393,558,680,6970
1,2,21595,7617,9787,3977,4294,7668
2,3,12485,5548,4874,6106,3696,6347
1,1,14021,11643,5530,2571,2993,3596
1,3,24922,8763,8164,1921,3092,4804
2,3,28086,2190,5497,1549,1398,1460
2,1,18859,10036,11861,3896,2572,1758
2,1,9684,3803,8933,4096,2092,215
2,3,27552,3613,3135,4460,2083,3805
2,1,3207,9574,7727,1796,997,5292
2,1,15331,11354,2565,1827,217,1807
2,1,3960,8350,1308,2702,243,6135
2,2,2557,6916,9534,5472,354,3717
1,3,17883,2004,9627,4008,3648,2216
2,3,15893,11155,9368,5446,4280,3774
2,2,2882,11245,1138,392,1625,7299
1,3,28770,9424,1193,2874,4520,5549
2,1,6761,10440,4257,4045,4512,7474
1,3,29243,4424,4235,2777,3839,1943
1,1,7867,9115,1942,291,4326,7756
2,2,25347,10283,5620,4434,2092,3991
1,1,14869,4985,6720,680,1097,6606
1,3,9166,8600,7353,6792,3624,3834
1,3,14982,9184,5957,5652,4740,1288
1,3,9929,691,10145,3116,1458,6608
2,2,7347,9190,10494,4635,2215,1561
1,2,9269,5417,4381,1275,1902,3572
2,3,28186,6331,6839,2713,1073,4673
1,1,26509,9948,3880,998,765,5494
1,2,15527,10660,11379,4770,2218,7306
1,3,4454,4822,5887,6744,2085,7519
1,3,22878,10878,1545,5758,2323,675
2,2,20330,7499,2927,4149,4842,1489
2,2,14991,9508,5152,804,2514,528
1,2,4808,11912,1004,3179,4612,4244
1,1,8642,7782,6533,5116,4083,2039
2,1,5825,10165,10554,797,3392,1386
1,3,5536,9778,11012,1732,2059,4733
1,2,24452,2374,6378,713,224,3614
1,1,17309,9562,7233,5822,3703,5686
2,2,5802,5263,3663,2077,4455,3736
2,3,23083,10734,10465,4172,1337,1973
2,1,20354,8964,4326,4043,1389,5518
1,1,24190,9721,4659,1899,4998,5819
1,1,8142,11910,2131,1229,4296,2263
2,3,21203,1551,5763,4795,3357,2044
2,2,11094,10265,7737,5980,2567,5615
2,1,2364,11882,11828,916,4677,5163
2,3,22642,8038,6092,5437,1941,2758
1,2,21503,7911,7022,5804,3888,6107
2,3,29134,11981,4159,4286,3946,5279
1,2,17688,6820,7159,6944,1097,1462
2,3,3863,2605,8318,865,4223,6924
1,2,18499,807,9445,6811,916,5620
2,1,9084,8237,6307,2408,4167,6349
2,2,10016,3859,9520,6613,4221,3491
2,3,4384,3676,11783,1279,3415,1218
2,3,17072,1751,4044,427,590,1989
1,2,5935,5866,10612,348,4084,3724
2,1,15127,11439,6636,1269,1899,3704
1,1,16482,2017,3892,5463,3237,1006
1,2,9742,6726,6288,4927,432,6189
1,2,18165,5805,6812,1563,2126,5705
1,3,23826,10070,1654,4708,3331,2866
2,1,4490,6369,6481,1955,3506,5614
1,2,25364,8539,1759,719,2924,5437
1,1,15324,5391,7782,5663,433,604
1,2,27518,5492,2798,6730,1591,7340
2,2,26045,2461,6159,3744,3092,6082
2,1,20108,3363,9446,2522,1455,793
2,2,28910,11348,6262,6696,2738,6909
2,2,26566,11186,4823,1302,3890,7095
1,3,21151,7103,2876,797,1089,4149
1,2,3137,5067,11949,5955,4887,4307
2,2,29103,7013,11816,3473,945,3480
1,2,22501,4505,7154,4249,1919,2412
1,3,5420,9614,8787,5981,627,7221
1,1,7845,11651,5516,2805,931,5613
2,3,23162,683,4734,6456,999,1742
2,3,5906,8255,10436,2388,4497,6421
1,1,22021,3858,6972,6220,1035,7801
2,3,21337,7115,7639,5025,334,7944
2,1,24313,10090,6356,788,2738,813
2,3,28943,7297,7380,6754,3918,6282
2,1,14413,11488,2008,4672,240,1068
2,2,2276,9228,5314,1607,3567,1011
1,3,20383,8178,10702,6165,2615,2022
2,3,19611,6198,11151,5046,2240,7444
1,3,8337,1773,3508,4922,4539,7415
1,3,13944,11659,5758,3590,3149,5062
2,2,22119,7153,3682,3640,4461,4377
1,3,17906,11741,8311,1829,3666,1944
1,2,19079,1596,1989,1194,3288,2456
1,2,27885,9997,9446,5879,1315,7812
2,2,22536,9607,5711,4998,4778,4242
2,2,26285,11773,7479,6805,2790,3867
1,1,25854,8502,7964,2259,3773,721
2,1,29810,4747,9075,5475,3178,7396
2,3,14306,9720,5452,4772,2647,5623
2,1,25921,5814,9447,3186,1430,5289
2,1,12503,10669,2007,600,2866,6808
1,3,21225,3854,7496,3055,4458,1725
1,3,6208,11203,10947,2424,2794,1669
2,3,13590,770,8688,3612,3630,2875
2,1,27117,1686,11763,256,3117,1713
1,1,12886,6805,4908,2075,3152,5076
1,3,14866,2898,3803,4743,2195,1651
2,2,3088,7495,5379,4498,4091,4854
1,3,5363,7799,1098,3968,506,3630
2,2,2024,4682,9388,5952,1562,3207
2,2,11764,10403,11721,5033,2302,6434
1,3,24528,2730,1877,4497,3230,6333
1,3,29534,7011,2868,1553,532,3324
2,3,24052,628,3665,2610,2952,1953
2,1,22620,9961,2388,5187,442,5155
1,2,11959,4172,3415,6797,2084,1812
2,1,14935,10293,9761,6699,1632,3475
1,1,10068,5265,3637,4511,2750,755
2,3,20619,4470,8242,2802,502,4451
1,1,9295,8045,10257,3134,4530,2249
1,3,10392,6052,9613,222,3309,5676
1,2,13390,1127,3883,2402,2386,1024
2,3,10448,7089,2204,1409,4490,5888
2,1,22131,2544,1544,2496,1750,3049
1,1,12433,2841,2223,948,1992,3230
2,3,17038,6384,4172,1004,846,1281
1,3,21559,11906,9959,333,4856,3525
1,1,13528,8685,7450,4616,912,5499
2,2,23281,749,7520,2637,4708,692
2,2,23421,3425,1654,633,737,4964
1,3,17743,5543,7821,5341,434,7402
2,2,25811,1474,3446,5168,2596,274
2,1,10605,10017,6892,3871,1704,3191
1,3,4014,7692,9412,3936,1574,3560
1,1,3381,9675,4666,4239,4711,570
2,1,3098,9580,5277,2298,2109,4882
1,2,21810,11629,5402,6519,1115,528
1,3,22039,10809,3569,3117,4158,4885
2,3,26322,3172,6515,452,280,1990
1,2,11101,7779,10205,5261,2283,976
1,1,2187,8031,11243,5034,2888,2222
2,1,13948,10018,4985,1329,1890,6647
2,1,12207,9162,9167,3464,956,4874
1,1,23793,2487,8448,5635,2870,4516
1,3,4092,590,5310,501,3951,7322
2,3,20514,9221,4019,6891,3752,1387
2,2,7242,4559,4681,2177,667,1703
2,2,10549,3273,10635,2963,1694,7822
2,3,24031,10378,5196,4205,1219,6718
1,3,7185,8883,1572,6611,1101,3491
2,1,17271,10678,10524,3441,872,6003
2,1,7776,7909,5753,3257,638,3525
1,2,28998,10877,8082,750,4422,6041
2,3,14449,4940,5002,5774,2276,387
1,2,26297,7847,6629,5611,644,1414
2,3,25931,1508,9417,1787,1165,7756
2,1,9823,4283,5200,2022,3990,3486
2,2,17717,7146,2997,6120,663,3646
1,2,9355,4798,9963,5460,2398,1309
1,3,8465,5168,8422,3417,2487,2721
2,1,14737,4787,5524,3696,3965,7985
1,2,19881,2552,9625,4609,3376,5139
1,1,15324,6509,11921,4479,4208,4079
1,2,12350,2216,4407,5983,3704,730
1,1,4555,810,7731,912,1112,1270
1,3,23793,5038,8795,2375,696,3336
1,2,28918,1760,10057,5606,1663,1162
2,2,4951,4432,3793,4272,4453,6818
2,1,19622,11960,8334,4049,4467,5465
1,1,27549,1084,3911,2633,693,7289
2,2,6727,11491,8952,3501,1626,1605
2,3,22349,8116,3415,470,1892,3337
2,1,7686,9051,1250,1994,1993,716
2,1,27626,3366,5951,5106,2923,3364
1,1,5701,6398,9098,2662,858,6184
2,2,4780,2511,6289,4493,4961,6769
2,2,25782,6751,9102,3594,4662,1691
1,2,19972,5439,8257,1279,749,5413
1,2,4368,4506,6565,3078,842,3889
2,3,17592,2125,7437,5522,4550,4428
2,3,24173,11456,10110,5940,407,7801
2,2,2436,1390,2173,4923,2697,7708
2,3,4828,6578,9624,803,4390,4609
2,1,3556,7536,1835,5457,2083,790
2,1,25954,9423,11438,5741,3086,7579
1,1,15364,4461,3262,5376,677,1743
2,2,25864,3004,10089,1785,961,3256
2,1,27880,9306,5567,3257,389,2406
1,3,17061,4306,4815,6414,955,3539
1,2,12576,6600,1246,5206,1646,2908
1,3,18566,2219,3429,4185,1863,6181
1,1,9190,7186,10182,4889,2035,4229
2,1,25071,2087,10118,1595,4428,5922
2,1,7565,7500,6287,3888,4350,947
2,2,25625,10303,3607,799,4260,5793
2,3,17369,1396,10266,713,4805,1000
2,2,26035,6058,6930,6191,4965,6753
2,2,23959,8969,5022,6427,3812,1697
1,1,3589,5147,5784,1266,1889,1579
2,2,28163,10328,7617,3086,1516,879
1,2,27235,10850,4151,6253,3386,7560
1,1,2159,2932,6580,2853,4220,3970
2,2,14145,4404,8054,5105,4554,3542
1,1,17373,11954,8706,6476,1345,6457
2,1,8555,7337,8619,1288,4594,1096
1,1,18237,1949,5573,4585,760,1746
2,1,11203,5000,4491,6719,2112,3326
1,2,10244,5954,1706,5064,2064,6089
2,1,16743,9924,7997,2714,496,6408
2,1,15333,4617,6233,4169,2609,883
2,2,15341,9369,9945,3484,2836,1495
2,2,25230,11350,6755,4766,1661,7869
2,3,20691,2528,7960,2396,4492,5981
1,2,3228,7345,9779,4383,2468,1585
1,2,25610,4258,2334,6739,1194,6489
1,3,7590,6404,6588,989,207,1142
2,2,25303,5124,2847,3675,2791,3480
1,2,7585,10729,7851,3353,2715,5605
2,2,11227,11341,8211,1864,4615,1233
2,2,8046,9348,8865,1509,1617,2986
1,3,14237,665,4317,1064,2516,2433
1,2,17649,5091,11390,4063,4132,3845
2,2,6945,1089,7811,5589,1487,1820
1,3,9927,5024,1164,3563,3044,3735
2,1,14641,3321,8060,3724,1318,3405
2,3,17998,7009,11190,3986,752,3082
2,1,15386,8193,4057,223,860,5104
2,3,9016,9954,11276,3203,915,370
2,3,16027,571,5428,6182,3785,6556
1,2,17920,4080,1402,510,3961,1753
1,1,26142,8462,9605,5780,2729,4097
2,2,15752,768,9236,1431,4170,7869
2,1,23470,10468,7349,3988,3607,1795
1,3,27840,2962,5157,2911,1658,1823
1,3,25545,9960,11659,6781,3467,4322
2,1,20268,1515,1867,5001,1054,5309
1,2,20193,11414,9210,5655,4960,1291
2,2,5167,9775,1364,621,3737,3037
1,2,13989,8484,8467,1973,2097,607
2,2,28917,906,7571,6664,472,7919
1,3,24736,7884,1579,3768,4287,5428
2,3,29990,6549,8674,6930,1472,4369
1,3,27393,6669,9737,1146,4574,6921
1,3,16087,8482,7468,1386,4219,879
2,3,24440,11768,5150,2034,1015,7629
1,2,4437,1485,4039,1764,4571,5687
2,2,24852,4985,5137,5144,1122,7129
1,2,17275,9401,1452,5885,4937,5144
2,2,27464,3118,7537,5614,4800,5165
1,3,24335,6789,2381,6385,1464,436
2,3,7276,10103,9154,2147,3924,2974
1,3,10859,7428,2467,1508,2987,3637
2,1,9818,5868,3738,3186,2922,3557
1,2,6728,5121,8572,586,4423,6721
2,2,21008,10177,10408,6331,2750,7004
2,3,7738,11642,7747,1361,3149,3077
2,2,22616,11626,1880,3458,1873,5201
1,2,7793,8066,4149,6321,4787,2623
2,3,6523,5170,9276,5011,3292,4914
1,1,7571,8158,8892,6774,3038,6996
2,1,18209,1503,5144,6897,1866,3347
1,1,17246,11158,2168,4133,4711,1232
2,3,27394,8004,4129,3047,2395,6539
1,2,12380,2966,4645,4721,1584,3054
1,3,27682,10630,3526,1639,4603,3140
2,3,4224,2439,4516,6369,4154,3901
1,2,10389,2135,4367,3642,3099,5609
1,1,29247,10390,8338,4680,260,4270
2,1,17927,8595,11386,255,4147,3332
1,3,24475,6765,4555,3524,2490,7280
1,1,13684,10783,6111,6977,672,3660
1,3,12640,2395,7752,305,1158,5142
2,3,10662,7024,1445,3401,732,7161
1,2,8361,1573,7364,869,693,2123
2,2,3948,5684,4626,4671,281,7930
1,2,14091,2902,5016,942,3170,6907
1,3,28586,5395,4875,1166,211,833
1,2,13992,7831,6497,507,4744,7022
2,1,25478,11904,7238,2338,961,5313
1,1,8318,9843,1261,3664,3385,4303
1,3,22180,11137,11040,5097,225,1592
2,3,14180,2456,5992,309,2006,5364
1,2,2234,7523,5025,3832,4357,6687
2,3,17372,4407,11458,5960,4524,6076
2,3,27504,1307,9283,6928,4902,7139
1,1,21991,8878,5222,4635,3859,3646
2,1,26427,5327,5175,5884,1725,5938
1,2,2522,5024,10174,5274,960,3298
2,3,24288,9999,4443,6699,794,5512
2,3,14718,2784,6011,2115,1255,5144
1,1,23272,5813,11725,4463,2054,5676
2,3,11821,1257,1693,756,3283,261
2,1,7832,5387,9347,5200,4116,5381
2,2,14820,4354,2812,304,3875,2669
2,1,18211,10898,6724,2247,2248,2017
2,3,9122,4058,2407,6493,1658,832
1,2,7842,10272,9032,345,1419,5087
2,1,3316,1461,10408,2963,4428,2798
1,1,29433,4347,2410,1073,4381,3651
2,2,15200,7226,4497,498,1699,1500
1,2,19508,4075,5372,3438,2030,2853
1,1,24005,9567,8394,6032,3595,1654
2,3,23807,2918,1551,845,1403,1338
2,1,17206,4698,10368,4933,4470,6007
2,2,20971,1501,5332,6582,3010,3392
1,1,27599,5744,1997,3278,3292,4820
2,2,24056,7619,5076,2711,3244,6316
1,2,3378,4566,7099,6796,4873,5194
1,3,21758,3345,6555,983,3714,7783
1,2,3519,10173,11923,5192,1998,2410
2,2,24161,11993,5052,570,2775,5082
2,3,9935,9349,6303,686,344,7253
1,2,8093,5816,9118,2237,4126,3959
1,3,26802,11472,7102,6508,1577,3229
2,3,7355,922,6490,3396,3346,1560
1,2,23352,7215,9564,1560,2025,2626
2,2,11083,4766,6616,4487,993,7691
1,1,7574,8049,3248,5025,1801,4468
2,3,22456,6816,1848,2461,4614,5295
1,1,15324,3210,11748,2821,1310,6106
2,2,4257,9144,11514,1156,4253,263
1,1,29364,11089,7354,580,4993,7468
2,3,26972,8569,9695,3849,4137,1545
2,1,15411,10667,9070,5093,4163,1174
1,3,28654,2157,9894,438,982,4361
1,2,17233,3041,4625,1305,1316,6162
2,2,17887,7263,1314,1586,1950,3828
1,3,22808,3575,3376,2752,2776,1822
2,2,21621,3664,10232,2449,4227,657
1,2,22277,11658,5378,1727,3536,5898
2,2,4005,2553,9449,1867,4587,6796
2,2,20400,8979,1574,4332,1687,3530
2,3,29747,6237,10744,2891,4075,6253
2,1,12860,3717,6585,3872,3831,1940
2,1,12070,1947,6492,2196,4392,5745
2,2,11388,6509,9949,1625,4158,3226
1,1,20156,1107,3810,3012,3597,6255
1,1,26737,5052,9134,3447,273,6521
1,2,22360,2264,10296,2792,1559,2154
2,2,20135,9917,6670,1690,1291,479
2,1,27351,9927,8715,1424,2141,2591
2,3,25814,9721,7567,2787,3348,1240
2,2,16609,3171,4459,3264,4503,6639
1,3,25554,7019,7117,6318,1444,6545
1,1,24853,4462,4992,6737,1485,1161
2,2,18363,3677,8837,1032,4705,7027
1,3,27515,4222,1203,4892,3236,6238
1,2,21604,5406,3775,2640,970,4045
2,1,18923,7763,11524,4995,2043,1417
1,3,16823,5554,2992,1846,273,3420
2,1,19845,10167,3243,6314,1860,574
1,1,23568,11588,9498,640,4549,6207
2,2,10547,1308,2687,6156,1019,4330
2,3,13515,9670,5109,5936,4018,1592
2,1,2234,11155,2860,1729,531,2276
2,1,16562,1225,11153,3165,1621,974
1,3,19932,11193,6176,2567,3855,4516
2,1,9480,8201,1722,6896,1891,6396
2,1,28672,1716,9971,3486,4750,7134
2,3,6213,4551,9720,5390,4608,3624
1,3,12293,2697,5893,4863,427,7759
2,3,3673,3306,1343,4531,3081,2323
1,3,25092,9470,6398,1504,3065,4789
2,2,26366,1472,9400,3234,2775,6007
1,3,4100,11502,5736,3888,4722,3793
1,2,13849,6134,4406,4173,664,6460
2,2,22132,7983,10503,1385,477,479
1,2,21557,2623,11491,3462,4314,7542
2,1,20199,9290,11139,5328,265,5041
2,2,5841,724,1919,2307,4462,7292
2,2,12197,9532,6819,2040,602,3011
1,1,10016,2314,3044,4520,4183,2542
1,1,9011,1606,1418,6138,4704,7361
2,1,6493,624,2749,2947,3678,1674
2,3,19058,3746,8378,4877,3644,2057
1,1,26472,3431,2099,4464,4892,5837
2,1,10578,3471,4392,3333,4619,7388
2,2,4158,2517,3772,3620,3239,5392
2,1,21045,7915,11672,1665,1637,3089
1,3,4064,2915,7784,4309,628,1259
1,1,5253,3596,2545,2411,2882,7874
1,3,23363,2109,2070,5739,2977,2122
2,1,26087,1217,7522,3004,3578,7600
2,1,14828,4061,2850,6166,592,3999
2,1,27315,9708,6053,1743,4741,6301
1,1,3401,7282,3939,1889,541,4792
2,3,21643,10652,11095,1771,332,6549
2,3,17193,1548,8194,5347,464,2673
2,2,28853,10049,6851,6027,4388,4339
2,3,14096,8807,7673,4741,1885,7458
1,1,22307,10787,1678,3479,1634,2051
1,2,6214,8405,1988,3741,1860,3741
2,2,21611,10493,11667,5011,4017,6948
1,2,13023,10838,10799,3223,2554,7834
1,1,13950,6078,2502,1018,465,4749
2,3,12704,2120,2789,6447,4941,794
2,1,12343,7048,6281,4721,1336,5652
1,2,13867,7881,6027,1324,4749,706
2,1,4745,5280,2425,5860,1590,5089
1,1,24475,11642,7654,6982,1312,7837
2,3,5866,4292,3440,5145,2434,220
1,3,13956,3441,11234,5841,3066,7595
2,2,7818,6195,7856,1329,3268,1599
1,1,20606,6901,8367,1902,2379,3401
1,1,18093,9669,10470,2201,834,6963
1,3,21176,6697,3594,4078,3831,2661
2,1,28273,11758,5689,4572,1599,5390
1,1,17493,5950,3436,2006,4986,5723
1,1,22447,9475,6517,3147,2939,5881
2,3,19908,8932,11397,6531,3370,3878
2,2,10224,6374,10219,6235,2065,6110
1,2,24582,2053,7310,3409,2155,5716
1,1,6025,1512,4539,2352,4877,536
2,2,20950,8878,4483,4841,2418,1867
2,3,21187,2381,8371,6723,1589,3776
2,3,22093,7299,3241,4405,3330,1109
2,2,8155,5086,7378,744,4476,475
2,2,15839,9122,3765,2601,4314,1091
1,1,2719,8930,10365,5038,1449,212
2,2,16890,6947,5911,2564,3366,5322
1,1,24900,2845,1403,1489,1445,4257
1,1,22963,575,11917,3965,253,3225
1,3,19356,10048,4382,2075,3110,7591
2,3,22102,6377,5163,5384,2596,1173
1,3,25779,7285,8630,4628,642,4470
1,3,22786,5422,1087,5832,4875,4170
2,2,22936,8590,10350,5452,3811,1608
1,3,20591,2830,6816,4887,4577,5921
1,2,6426,5186,6470,982,2607,2143
2,3,25303,2402,7276,739,1022,2488
1,2,14512,5170,6739,2982,3902,746
1,1,29606,7643,5273,5854,3139,6357
1,2,17064,2559,10573,5815,4936,1418
2,2,15767,640,7523,2868,1231,1620
2,3,13308,2289,6003,4914,2216,1654
2,2,13477,516,9038,4137,762,3577
1,1,27219,964,7606,3156,2738,7701
1,1,14903,4971,3064,3922,540,2972
2,3,26770,2327,6315,4067,4767,5729
1,1,10680,11720,11566,2033,3975,4298
1,2,4204,9211,1317,5287,2496,2938
2,1,29233,6456,2502,2346,434,7919
2,3,23729,589,7130,6660,1316,7819
1,2,21660,5315,8419,2370,2108,3947
1,3,3102,3351,3042,3591,1617,2042
1,2,7243,3343,5598,1816,1491,946
2,1,8614,10576,11214,5814,3688,3016
2,3,18299,9617,1118,6800,4927,1071
2,3,27817,7043,1709,4817,3854,694
2,2,10707,6401,4557,6863,728,6760
1,3,15913,1469,4250,1116,3524,5710
2,2,23607,1594,9061,5012,2180,3644
2,2,26968,6624,9609,6658,3139,4923
2,2,2630,7847,3603,2956,1529,1275
2,2,13908,3695,2101,2136,1433,7743
2,1,28423,1904,5421,4242,1953,7762
1,2,12847,7440,8857,3291,3000,4194
1,3,11171,4790,9177,4855,3133,7364
2,1,14721,4482,7082,1168,2959,4437
1,3,29978,6055,7658,3564,2975,7453
2,1,25067,8454,3261,3403,3687,5783
2,2,18661,5213,9021,6699,4050,245
1,1,18616,3592,1508,5373,2727,7187
1,1,11744,4659,3379,1089,1090,3256
2,3,7690,6808,9879,992,2265,7605
2,3,15401,10766,5752,3658,1388,2257
2,2,9659,7978,10484,6608,4497,863
1,1,29846,8976,6495,1181,940,4868
2,1,12601,5433,4209,3731,1569,2229
2,1,13704,5426,8398,3729,1589,5849
2,2,2025,9879,7743,1001,2200,5917
1,2,17384,4469,6648,242,1671,2896
2,2,15705,3465,6171,5905,1736,5208
2,2,25852,4819,8890,3549,518,839
1,2,24794,9475,1324,1977,2464,2863
2,3,10652,7608,11185,3401,2094,2945
2,1,22148,9641,11962,549,3911,5204
1,1,24983,4439,11775,1767,3022,6521
2,1,15379,544,4557,1329,4708,5164
1,1,23486,2310,4587,3159,1475,5325
1,1,9006,5066,1151,3987,3283,5148
2,1,21867,10773,1954,6344,600,4602
2,1,20378,9521,5354,1980,923,2795
2,1,10682,2409,11563,783,2529,6670
2,3,3072,6864,8160,4727,1335,3627
1,1,25091,3081,10383,3577,2970,6112
2,3,29749,1191,1687,6228,467,594
1,2,2215,1431,9501,6396,769,6643
2,1,25989,8410,10694,6863,2756,3797
2,2,11915,6882,4127,3601,2173,5044
2,2,11784,3906,7763,5644,745,2532
1,2,20990,8839,4395,3385,3022,529
2,3,26734,1532,10005,2394,4660,2297
2,2,16824,1811,1845,6326,4842,6327
2,2,23165,9079,2164,5485,470,972
2,2,5313,3621,6904,1362,938,1845
1,1,13033,2373,10959,6972,1457,1932
2,1,11968,9607,6360,498,258,4673
1,3,18241,10570,1354,3547,4381,1987
1,3,28628,7281,2872,2139,589,1823
1,1,26147,4248,3024,988,918,1199
1,3,7939,777,3817,5145,4444,2048
1,1,16696,10669,4832,6521,4878,1761
1,2,16794,2359,9257,3089,320,973
2,2,4295,11728,11713,1577,2852,7511
1,3,24069,6429,3581,5473,2503,5379
1,1,3696,7292,10582,2149,3111,7211
1,1,13185,5213,10322,3472,999,2003
2,3,29045,10874,3486,1077,3580,1298
2,1,20330,5175,10026,5434,2306,2250
1,2,14001,1670,9418,3942,1309,1798
2,3,16350,9181,3443,1777,1450,947
1,3,21167,11217,9919,3339,2840,5767
1,1,5644,9874,2036,2692,1849,6060
2,3,23625,11180,11024,2955,1545,4173
1,1,8420,10568,11932,6945,3156,2522
2,1,29076,5808,9684,5942,2646,1753
2,1,25941,2962,8435,2103,3564,1815
1,1,13837,10322,2548,1582,684,6558
1,1,21029,787,10335,4440,1002,3954
2,3,24973,6453,6065,2522,1915,5804
1,2,8353,4782,7496,2756,2115,4624
1,2,12541,2407,7183,5498,3683,2502
1,3,3932,1661,4957,2061,1957,5706
2,3,13486,629,4407,6150,2009,4421
2,2,3757,6837,1639,6820,3207,5062
1,2,7085,2863,1172,2066,3425,3855
2,2,7637,8651,6666,4247,3695,5869
2,2,3116,6483,5354,3375,2520,3595
2,2,12759,643,4959,1298,1870,5523
2,1,13691,8707,9708,5447,4815,5491
2,3,2492,7969,9714,1934,1351,6054
1,1,29882,744,11109,4863,4947,416
1,2,10811,1426,3886,6109,2423,3516
1,2,29808,3678,3164,3616,2867,1559
2,2,26272,2676,11121,4826,410,3974
2,1,8474,5502,4945,6502,2694,5617
1,1,28956,1386,6235,5857,4881,5127
2,2,16385,9032,11401,880,4462,4477
1,1,11738,10743,8746,2270,2707,4629
1,1,23342,3898,3590,5366,3163,4806
1,2,15979,8997,8754,6868,3628,4678
2,1,13755,9599,5934,5024,3575,2096
2,3,11797,3154,5076,1929,4155,7566
1,3,16607,7892,6185,2391,3905,4627
1,3,14867,1871,2093,867,3605,5484
1,3,28466,7635,4880,1812,4238,5561
1,2,27851,820,11686,880,1252,1099
2,2,21127,5154,7559,1172,913,841
2,2,9866,5800,11771,3046,3088,5546
1,3,17449,7261,11680,2332,887,4929
1,3,12685,7354,3785,2663,529,3827
2,1,25544,6005,7065,2729,1946,6794
2,1,7451,9823,7539,2703,1407,395
1,3,23642,11270,11950,5122,2342,2093
1,3,10548,7053,2574,4592,984,3475
1,3,9186,4542,6676,3383,2896,4250
2,3,8102,9509,11565,4233,4020,4753
2,1,27445,7998,9060,5549,3918,5125
2,3,27461,7136,4990,3367,2893,2504
1,1,28577,7862,6210,3197,825,3800
1,3,27859,511,5845,6721,4434,3543
2,3,2619,694,10285,3427,3908,2256
2,3,2882,3037,2189,6764,961,3008
1,1,27372,3342,3689,2352,4179,7292
2,1,5642,2729,5095,1928,3729,1424
2,2,3296,3509,2875,2224,1755,7426
1,3,16122,8484,8768,529,3833,1086
2,2,26820,2577,4406,2686,875,592
1,2,4895,8345,10979,1355,4387,1875
1,1,24977,4367,4932,2090,236,3390
1,1,19313,5373,10799,4677,4036,7920
1,2,7366,9135,9240,2385,1987,2646
1,3,10711,797,6408,5138,2927,4105
1,1,21596,6356,4861,2517,4080,6674
1,3,20793,9536,8406,3821,2094,3538
2,3,10199,1515,11372,4691,336,3791
1,2,12717,1884,3833,2711,3276,3966
1,2,5423,10089,6285,649,4083,2727
2,2,12211,9245,10589,1554,861,2381
2,2,14782,2850,8645,6282,2010,3964
2,1,25360,1769,10023,5604,614,5211
1,1,25978,1760,11889,5593,542,5230
2,2,23542,8201,5777,6363,2929,554
1,1,14474,8876,3735,6582,3650,2831
1,2,5667,5063,9273,1493,3865,1721
1,3,29377,7397,9278,2665,3937,2872
1,3,24357,11102,7368,3302,4097,3378
2,3,24620,6172,11255,2049,4441,2537
2,2,10277,10901,1821,3375,4618,7168
1,3,29691,6093,8525,4481,2369,828
1,1,14424,6655,1162,3399,2078,7362
1,3,20852,6043,8777,1433,4170,2879
2,3,24601,7740,11589,1637,4896,5466
1,3,22003,5183,2932,3552,4770,4622
1,1,20020,2381,11920,4230,2817,1638
2,2,10155,9213,4535,452,1715,6553
2,1,5583,10579,6956,218,774,7663
1,2,17515,11244,4446,2959,4642,1621
2,2,6009,4309,3790,5455,3067,1326
2,3,21710,6307,3707,422,3744,2883
1,2,12410,5383,8959,202,4677,1980
2,1,26532,7706,4933,1459,271,1731
1,1,20601,4655,4385,5149,2768,2114
2,2,6967,5173,7636,5784,3637,7211
1,3,20753,1909,1922,4523,3180,1432
1,3,22022,10386,9089,5973,1317,2156
1,1,12695,5697,11367,4794,2586,6771
2,3,11135,7952,10774,2768,3708,592
1,2,7722,9218,1564,2085,1559,1025
2,2,29413,11352,4258,6311,4959,3163
1,1,29236,2672,11789,5458,1715,7476
1,2,17514,779,3500,1499,239,6208
2,1,13128,11656,5566,2538,1582,2595
1,2,6444,4477,10179,1276,2230,4345
1,1,9618,3169,7881,3958,2821,7259
2,3,22331,11585,4636,3381,2100,7472
1,2,20060,8325,7030,5010,2417,7787
1,2,3196,10443,1223,1147,4996,5692
1,1,14297,4481,7297,6991,4806,5346
1,1,4787,5269,1350,3938,1483,7311
2,2,25816,5747,8314,2931,783,5095
2,1,28037,11053,2928,4207,658,1992
1,2,9927,4927,8743,1069,2465,7640
2,3,21702,6635,9540,5366,2866,3264
1,1,27242,6073,5732,293,1015,6992
2,2,25073,4631,2017,3187,2711,1563
1,3,4176,10400,3226,4855,446,2548
1,3,22127,7689,8206,1975,616,3751
1,2,10792,11378,8170,2460,4663,7911
1,1,29228,11587,7207,635,3917,3828
1,2,22806,5035,3419,5147,307,3536
1,3,22208,3276,7240,6851,2831,1765
2,2,11171,9811,2893,6994,1038,3867
1,1,4451,11680,6322,4500,4713,2413
2,3,2628,8197,11260,6724,1621,6659
1,2,11821,8886,8718,3344,4978,4296
2,1,9778,1162,7878,3787,4112,1219
2,3,5696,9171,2125,5395,455,1484
2,1,22058,8544,4117,276,3027,262
1,3,22313,4718,5161,1015,1037,2730
1,2,21149,10115,5042,967,3162,3592
2,1,22753,5560,5433,6753,2482,6165
1,3,14972,11400,11362,3885,752,3472
2,1,10307,11867,9638,305,380,2469
1,1,6956,6374,3658,4116,4452,4447
2,2,12195,6081,11910,6894,1677,843
2,1,19076,2514,4483,3073,770,4921
1,3,21546,4289,3944,3546,1927,7829
2,3,3105,11135,8210,6431,791,416
1,3,21392,9603,8653,6042,4716,395
2,3,20545,7648,9787,3348,2460,4064
2,2,17417,8266,2986,3348,3147,3473
1,1,26729,11905,11942,1665,547,7338
1,2,16188,2864,2074,2787,365,5310
1,1,22083,4129,5305,444,4643,2894
2,1,14602,6419,4007,2825,3096,7601
1,1,22170,6175,1969,4049,4693,3412
2,2,11256,9372,9772,1605,782,2955
2,1,22584,7138,3824,1181,3706,1721
1,2,16212,5151,2211,6032,4603,5874
1,3,3913,1109,1229,4008,3238,1280
2,3,27792,8440,5284,341,3045,5823
2,1,23904,10848,4185,1092,2966,7509
1,2,12593,4366,1501,5687,4394,921
1,3,3772,871,11324,2599,1465,5903
1,2,28536,7498,1048,4840,4453,6055
1,2,21164,1115,4566,3160,4849,1762
1,1,14996,7411,4055,2399,4946,839
2,3,25807,6510,9880,1669,3167,6449
2,1,4871,2753,1386,2900,2474,4460
2,1,15234,5442,1969,3205,2670,4510
2,3,19044,1364,10197,5058,2490,5390
1,3,24626,1768,6820,3574,2777,3987
1,2,29211,7954,4052,4919,3860,3936
1,3,12521,9476,8397,855,1268,7946
2,2,12642,5071,3302,6793,2936,289
2,2,3132,5729,3283,2968,2150,6091
1,2,2699,2737,10799,5543,291,3121
1,3,16534,4554,5366,242,3293,1451
2,1,25854,1435,1122,2511,2419,1302
2,2,12230,6894,7799,5322,1587,4903
1,1,8297,8391,10472,1860,4474,548
1,1,14839,11030,4727,5587,2485,4113
2,3,9812,825,9450,4891,3406,4252
1,1,6557,10226,10139,5308,3124,3141
1,1,4179,8274,5958,2424,479,445
1,3,13030,4361,1524,2310,1818,471
2,2,11065,2485,10079,1157,2987,2230
2,1,10275,5432,9399,760,570,4698
2,3,19806,5103,11986,1530,3383,3387
2,1,17089,3278,1148,1512,4034,3706
2,1,29251,9962,9001,2021,1903,7897
2,2,5180,9332,1437,3202,2468,1665
2,1,22700,8254,11394,3603,503,1395
1,3,8696,4578,4749,5846,3974,3287
1,1,11583,1867,9186,5145,1548,3208
1,2,29794,4542,5453,5574,2622,4023
1,2,18998,3075,6336,2851,3828,7241
1,3,15869,7254,5551,5829,2628,5375
1,2,29547,2081,3823,2014,3233,1814
1,1,13757,2486,6728,1941,868,1326
2,2,22954,2740,9677,4901,699,4579
2,3,18654,4466,9391,4008,1614,716
1,2,14258,10797,2982,3077,729,2865
1,2,4468,8104,7996,5782,3821,1501
2,2,16208,8820,10663,3470,3656,811
1,3,17042,6468,3311,5590,954,949
1,2,27966,9543,8225,4283,2547,5588
2,2,17639,7993,11270,945,926,2056
1,1,13546,4603,10713,757,2849,599
2,3,14327,2576,1604,6407,2246,1726
1,2,16270,5731,9175,3501,3015,2224
2,3,17523,3494,6785,1141,1074,6429
2,2,16300,4244,10609,4223,3479,519
2,2,21991,11448,5597,2496,3184,5351
1,2,12775,6094,8759,5565,2378,535
2,1,14265,8031,8532,1139,4007,2298
1,1,21459,7871,9740,1810,807,7446
1,1,18673,2144,1838,6500,834,373
1,3,26504,3644,4815,1925,4779,4219
1,3,29056,742,1847,1184,2927,1841
2,1,8614,4585,5709,1787,1274,700
2,3,5252,8454,5507,4221,2114,3846
1,2,9415,7769,7575,1536,788,6419
1,2,25155,7630,5773,6170,3431,2563
2,2,18662,7328,5468,3337,2504,2056
1,1,13116,8862,11464,861,4038,7740
2,3,18964,9344,6192,232,2173,3352
1,1,6958,6831,4320,6112,2255,2096
1,3,26829,4012,11750,6901,3680,5959
2,2,6276,1999,5698,6416,2279,1918
1,1,26381,10791,5311,6185,3252,1978
2,3,6776,2658,11188,3614,4682,4992
1,3,19208,10664,4673,1356,1451,3257
1,2,5832,5662,2564,3326,3995,5027
1,1,27275,10950,2840,260,4022,5390
2,1,16901,4539,7058,4128,4502,7312
1,1,7445,2535,8131,1743,3589,7197
1,2,3380,11963,1726,471,1980,2913
1,1,11865,8477,10436,6589,2804,4028
1,2,29303,1357,7697,5495,3888,4947
2,2,24918,4323,10257,4276,1924,1294
2,2,15926,7270,1282,6971,2984,245
1,3,21540,9741,2081,3588,3919,5366
2,1,13580,798,4885,6102,1877,7958
1,1,22691,7744,3881,2952,648,1645
1,2,7634,1423,11776,2909,4887,2396
1,2,26959,4732,3970,1354,281,7253
2,1,7810,4806,10344,5421,1606,3401
2,2,26917,3299,7985,4605,1680,655
2,1,24318,7078,1947,4053,1279,1862
2,3,12179,5375,5760,5611,3798,3124
2,2,14251,5826,10909,1945,4714,7998
2,1,15131,7082,1066,6838,4383,1165
2,2,21493,2302,9828,3632,3880,6316
2,1,22466,11405,9505,537,2903,5164
2,1,14707,11545,1564,6922,4510,1728
1,2,29374,3157,10793,209,3956,3176
2,3,21624,3846,10017,4344,1958,3271
2,1,28564,10163,4670,5806,2799,5296
2,1,24412,3449,10217,6966,2750,5069
2,1,29990,1441,3251,5640,4053,6587
2,3,20233,2407,1804,930,2946,2721
2,3,26881,5337,11643,5090,2492,6725
2,2,4749,8605,5631,1848,1701,1326
2,3,15156,1743,10583,4428,4604,6832
2,2,25064,6196,2235,3854,430,5356
2,2,27711,1966,7720,2330,4450,5973
2,3,18589,4457,7906,6400,1398,7916
1,2,25736,2466,7016,4671,314,5839
1,3,22975,875,4549,2596,1613,3604
2,2,5450,762,8938,4566,4606,4692
2,3,9214,4862,5141,1706,1192,2543
1,3,22195,7002,7966,2358,2547,306
2,2,13814,10636,10546,3116,1241,7203
1,1,29127,8333,6335,4371,211,5249
1,2,7141,2393,6077,3429,3876,2777
1,3,26885,8606,6611,3803,3265,6144
1,1,4708,2152,11028,6252,2236,3354
1,2,20375,6040,9089,1866,3246,5229
2,2,17088,4392,3892,4624,2550,4583
1,2,26847,1099,11688,6465,740,4253
2,1,13834,5315,11775,4336,3060,5001
2,3,14278,2412,11750,5486,276,6339
1,2,12014,9984,6577,3169,3267,5780
1,2,5273,9292,4618,2889,223,414
2,2,16367,9072,2559,2526,875,5600
1,2,6538,4713,7683,3010,2594,7075
1,2,14541,4137,2507,2716,4467,6273
2,3,10712,10855,3063,3671,3598,5778
2,3,11168,9790,4642,6352,2959,6120
1,2,22106,6099,3000,212,688,4639
2,1,5551,6948,2294,5219,1685,4489
1,3,14297,9057,5065,3170,3859,4453
1,1,12965,11262,11944,6138,3435,664
1,3,29128,7882,9014,5528,2619,6447
2,2,4832,11168,10945,3821,3695,6377
2,3,24063,9482,2603,3883,956,7469
2,2,24963,4069,2322,3673,2724,6982
2,3,15422,8207,6956,5510,4450,6045
2,2,2152,1246,3441,3322,456,2572
1,2,24138,9004,2098,3664,1979,7034
1,2,13156,5133,6073,852,4969,791
1,2,13108,1420,10697,5999,2315,2388
1,1,4800,9769,10318,820,3548,6817
2,2,7310,7508,9488,3990,4968,5350
1,1,11944,11521,11417,6258,1672,1083
2,1,4610,2881,4787,1845,458,4358
1,2,14067,4118,3096,2443,4275,7927
2,1,3104,9489,3208,4712,506,5406
2,3,12728,4943,6988,4959,1318,503
1,2,25745,772,1175,3691,3217,5380
1,1,22583,11702,8169,6074,4541,4691
1,2,22238,2273,7014,3911,2980,533
1,2,9263,3047,11694,3888,1858,3033
2,2,3914,3664,2667,1579,386,4706
1,1,25749,5280,11737,4443,1997,2531
1,3,21456,1446,9867,2245,1124,4761
2,3,27582,11357,2823,3248,984,279
1,1,2406,1006,6147,1588,3644,3963
1,2,15689,7219,2356,6707,3396,3031
1,1,2166,8935,4072,6021,1560,5396
1,1,2508,9197,4259,601,540,2177
1,1,20045,11850,7199,2853,762,932
2,2,5664,6860,1546,5811,4946,4176
1,1,21873,8157,6231,6327,3199,2017
1,2,15050,4090,8965,4524,1393,5859
1,1,2680,10564,3083,5894,3310,1584
1,3,20908,1692,3040,4123,268,2324
1,1,20504,1964,5534,6880,2628,6852
2,1,23644,890,2752,467,3798,5483
1,3,6357,6115,10807,5724,2572,7376
2,2,3363,6606,2849,6112,4756,1398
2,2,11523,9364,3642,5330,1043,6805
1,1,4292,3060,2600,5639,773,7674
1,3,3538,6367,5402,4421,4414,5907
1,2,5408,1711,4799,6649,2796,2492
1,1,26126,9621,1618,1925,4941,4417
2,3,10752,2039,2132,1312,1678,384
1,2,27675,9604,6491,2875,2273,4327
1,2,20287,1143,6795,5671,1713,1197
1,3,2174,9193,11307,4984,1168,2186
1,3,28732,9421,11531,1480,2396,3009
1,3,4230,1783,11931,1432,1711,4864
1,3,6287,8180,8633,4576,854,2557
2,1,22544,10810,2487,4738,3192,5691
2,3,14112,7845,8848,2063,4850,1879
1,2,9106,4886,6009,5132,4720,5125
1,2,11689,1419,10749,4684,492,5915
1,1,14046,2839,3113,816,2801,3239
2,2,21555,9447,2044,346,4726,5375
1,2,19951,6430,3431,4816,4612,5086
2,3,3151,5902,8979,4925,4693,7640
1,2,9619,6163,2582,3877,1788,2711
1,1,8033,10561,2308,6777,795,7021
1,3,10560,5775,5917,6487,2793,3727
1,3,6946,1007,9793,488,2323,3226
2,1,26618,1936,2620,1609,2143,7013
2,3,3907,11267,8503,213,1115,7616
1,3,5490,9250,5766,456,4069,2945
1,1,20919,7854,6362,1921,2994,5289
2,3,6173,11794,6192,1623,3278,4373
2,1,13065,5016,7622,5526,1175,2781
2,1,28400,4122,7093,5153,1275,4403
2,2,19677,4899,7704,3190,3189,5592
1,2,6769,5537,1100,1395,3667,3011
2,3,6796,8611,7657,4759,1651,4290
1,3,15046,4215,6875,4565,4023,6358
2,1,16211,8337,5271,1444,4132,569
2,3,25255,1801,1237,3423,2228,7671
2,1,29962,7870,8226,6966,562,3943
2,1,21356,5685,9032,5502,2629,6548
2,3,22306,2655,6218,3670,3832,2204
1,1,6997,6911,5025,4367,2518,7480
1,2,25416,6865,7073,4169,3285,1903
2,3,19376,1192,3542,1506,2545,7208
2,2,10112,1978,11195,2321,3798,3524
1,3,7287,6896,2537,2602,4529,640
2,1,12578,8948,1754,6046,1931,3457
2,3,20624,11122,11450,696,226,3106
1,2,19860,941,8396,3599,292,426
2,1,8426,10573,8823,5283,2864,6871
2,3,13599,3146,6507,3806,508,2601
1,3,2389,5709,5235,6923,251,4918
1,3,2999,7033,1540,1109,518,1224
1,2,14812,5177,6510,572,2192,5872
2,2,17599,7711,9461,4657,4476,7927
1,3,3855,10427,8926,6436,4091,7270
1,1,10125,3145,6131,1544,4942,3691
1,1,15794,8710,9697,523,4156,5939
1,2,27234,9816,2129,2631,2892,5480
1,1,4763,11346,11271,4870,3218,4456
1,2,22047,8433,4145,5031,2224,1070
2,3,6986,5976,9553,2984,4631,3399
2,2,3481,8428,4720,2593,1725,1945
1,2,25640,2580,10648,4120,1478,5470
1,3,5731,6589,5067,1415,713,643
1,1,25646,7896,5195,1895,4537,6086
2,2,18835,10239,10873,2107,1933,5790
2,2,29051,8297,10244,5014,3570,4758
2,3,29798,1361,8281,980,4121,7397
2,1,28113,8846,3509,1219,2700,672
2,2,21477,3994,6016,3465,3664,6900
2,3,19266,1404,7533,1603,2459,279
2,2,22792,1769,5727,1626,4963,5358
2,3,22452,904,1681,863,4889,439
2,1,12758,9535,4932,6068,2859,4852
1,1,21661,10474,11321,2847,455,789
1,1,18311,10256,6560,210,1702,1560
1,1,10566,1684,5016,6530,4856,2084
1,2,13889,9438,8339,1238,2310,6271
2,2,26335,2225,1719,3025,606,5599
2,1,13254,11880,1074,6754,3049,5435
1,1,23074,8962,10485,3203,3376,2516
2,1,13442,6311,11114,4880,2060,6235
1,2,15521,6106,5157,1275,4554,4630
2,1,22979,4456,9511,6920,922,511
1,1,6559,671,3149,3288,1482,1276
2,1,18199,8965,10644,5670,813,7435
2,3,9291,2806,10747,5747,3531,7037
1,1,10160,9850,7713,6150,3316,233
2,3,2112,10398,5207,1989,2178,2041
1,3,23515,10463,8141,3236,1012,4681
1,1,21581,921,9652,5038,1986,448
1,3,17924,6040,10078,6072,530,1334
1,1,28954,9901,4936,3853,2412,7461
2,2,28500,5175,10307,3375,1416,5729
2,2,18523,9582,2075,4499,4682,5498
2,2,3424,11959,4876,1276,3537,7414
1,2,21333,7248,5615,1173,2575,5089
2,3,21552,6603,8265,5694,1440,5147
1,1,27092,1973,7379,2065,519,7217
2,1,12808,3743,11116,3325,4694,7971
2,1,8043,2681,10118,1499,2114,575
2,2,8989,10141,5652,3606,4400,923
1,2,25620,3596,7792,5350,4991,5906
2,1,8261,7146,11473,1358,529,2113
2,2,2887,11948,10247,3329,859,4497
1,1,21488,11848,8456,304,3888,2692
2,1,18433,10282,5674,3767,3318,2142
1,1,22335,6382,1541,4548,2172,4204
2,1,21944,6482,3161,4590,1993,2544
1,1,18402,6298,3251,1381,3418,1531
1,1,23205,10127,10244,4844,4757,4788
2,1,24724,8915,5569,6974,2733,537
1,2,26442,8911,3744,3338,2657,6264
1,1,28049,10346,7041,6073,3300,7266
1,1,14253,8956,5675,4594,4566,2065
1,2,20990,9645,2560,3734,2933,3337
1,2,9846,5024,2164,6044,4680,991
1,2,27027,7059,6419,6139,4355,7789
2,1,8432,8120,3722,4396,419,3811
1,3,15452,3274,11550,3327,3018,3900
1,3,15395,6173,1470,6675,2106,1716
2,2,5765,3624,10608,1974,2811,4153
2,3,20822,9171,2468,6736,2793,6318
2,2,17950,1853,8925,4014,295,7305
2,1,14502,9581,1808,5169,1188,6660
2,3,11741,4354,9363,6724,1312,5237
2,1,24742,8634,7719,291,2478,4108
2,3,26703,1424,11591,646,445,2873
1,1,7941,2670,6073,308,2358,2322
1,3,26028,10594,9012,4612,4529,3985
2,1,6855,6006,2645,3439,3549,7282
1,1,24931,2895,9249,6131,2925,258
1,3,25580,8720,2129,4253,4277,2633
1,1,24295,8726,2353,6239,2866,2262
2,1,24865,6015,1767,5754,3399,1454
2,1,17166,3170,4895,4737,2954,3888
1,3,21145,3865,9874,6561,1617,3948
2,3,22840,1088,4454,1445,854,6542
1,1,27991,11910,11200,2920,2642,5673
1,1,24745,3638,8329,5847,310,4330
1,3,24077,9595,2790,477,289,4457
1,3,7788,7163,10669,3256,962,3229
2,1,2201,4586,1885,4864,3372,3046
2,1,24544,10861,8734,5305,2379,5190
2,1,12561,9031,4906,3122,2704,670
1,2,18901,4770,5492,2713,1664,6874
2,3,9737,6519,10730,1038,297,4235
1,2,27917,10406,3073,3001,492,7135
2,3,3988,1056,1312,5903,2039,3099
1,3,17441,8522,7269,229,1934,1646
1,3,13737,11779,6317,6702,2819,4643
1,3,16256,5952,1810,6238,4947,4989
2,3,22186,11958,11427,6429,2396,5230
2,3,24192,4067,7841,1457,3666,1112
2,3,29851,10748,11955,6656,2106,4442
2,2,9162,4399,3032,564,1921,7741
1,1,29010,6977,10699,2000,3891,1911
2,1,15065,8000,11762,6118,2016,874
2,2,24625,1516,11086,6158,452,1639
1,2,16114,6970,8129,1104,4427,2934
1,2,10399,2562,3705,4993,3719,5813
1,2,7633,9530,9788,2378,2107,3830
2,3,7755,10329,3147,3050,2110,5575
1,1,12825,4821,1615,3036,2721,7303
1,3,24693,3996,1947,6151,4049,885
1,1,6117,2313,6677,4646,1258,1326
2,1,26729,6756,5651,379,3738,4416
1,2,29942,10143,8866,4073,2522,2666
2,3,3518,2813,3013,5799,386,2597
2,2,24547,10206,4697,4160,1148,4337
1,3,18346,1731,1490,1386,2490,3638
1,1,4600,10337,5350,6102,4559,4324
2,2,15237,6331,3428,4159,4817,1165
1,2,20579,3499,5987,973,4830,6211
1,1,5554,3940,9733,4805,409,7128
2,1,28990,4556,10479,4660,2293,6296
2,1,18193,805,10825,552,3738,6357
1,2,21233,10415,5920,5402,1763,1119
2,3,17253,2189,3926,5544,225,5113
1,2,18194,10209,10544,4707,374,3072
1,3,3742,4417,8282,5030,1534,1708
1,2,3306,7580,5376,3228,521,1412
2,2,5849,9111,10490,317,4350,1071
1,1,14360,3436,5868,681,4247,4590
1,3,14768,4362,7986,4487,3427,3454
1,2,25903,10142,7862,6934,2072,1063
2,2,15032,11788,5423,2837,2267,6891
2,1,6195,6149,11450,306,532,4153
2,1,23562,3761,7870,4677,3191,3308
2,3,20939,9856,9159,5078,1110,3255
2,2,20689,10561,3073,6733,4696,5333
1,3,9619,2319,7170,443,1149,4194
2,2,11280,11397,1701,2832,2275,2882
2,3,4642,1842,11111,4763,2714,4890
2,1,11369,6060,9113,1065,3531,5478
1,2,16296,2726,7825,3181,3229,5813
2,3,24793,1579,11652,1761,300,5648
2,1,17438,4706,8867,5529,4846,813
1,1,17674,6780,5264,803,2600,2072
2,3,6757,11471,8968,5956,3571,3354
1,2,4994,11220,9146,3262,2543,7923
1,2,27135,7735,8776,4218,552,5899
1,1,29540,1313,9558,5392,3155,5879
1,2,17226,5589,9719,2215,1218,5888
1,2,3271,2531,5886,1858,1379,7954
2,2,3813,9014,4935,3580,3736,7389
1,1,29491,11661,5619,3967,3850,5451
1,3,27185,9595,6191,3970,2702,4760
2,2,20845,10233,11345,6029,4019,5775
1,1,22504,6411,7875,1813,1179,3573
2,1,24508,3153,11100,5155,1176,7298
2,3,10475,11168,8856,2079,1571,7273
2,2,29504,3840,6401,5572,2480,5586
1,2,6396,8376,4022,4308,4776,7142
1,3,11283,1641,11912,2546,307,6738
1,3,15318,9541,6738,1299,1172,3391
2,1,19200,9058,6984,1274,1826,6589
1,1,25688,3397,2770,986,903,767
1,3,25715,9781,10969,348,1074,4333
1,2,2082,4541,9989,1954,4009,444
2,1,3920,2538,4215,2369,2611,220
2,1,9817,11552,7694,5599,2307,5429
1,2,13683,4770,3976,6881,3753,5925
1,1,13336,10546,4737,3956,1473,593
1,2,17596,5183,10903,1379,759,5729
1,2,4093,994,1752,3509,316,5282
2,2,14905,7616,11661,2623,3246,5967
2,3,25455,11874,2392,4377,243,4014
2,3,26351,2284,7789,4787,708,2255
2,3,10367,4010,11797,6699,3639,3715
1,2,7285,4286,1677,6321,4128,2575
1,2,12896,5766,1105,1124,1116,2110
1,3,6937,9690,5753,5592,3145,489
2,1,18753,5928,2946,1803,998,6082
1,2,20202,7181,6544,3252,1960,2758
2,1,20485,7393,2095,5892,2533,5207
2,1,14977,10143,7985,4418,3475,560
1,2,21874,10443,2782,5003,1018,1822
1,2,20163,10972,5541,2577,2368,7059
1,1,9674,5158,4257,3680,3935,4514
2,1,19748,7582,7213,5286,3265,4294
1,3,25678,11626,11189,6666,3459,2653
2,3,29918,7369,5869,3382,1106,2215
1,2,5676,8107,2561,3017,4308,2240
2,3,4426,8169,5006,6336,802,2244
2,3,26648,10565,10867,3360,4495,3000
1,3,26473,6719,10314,6776,2833,3170
2,3,4962,5034,4981,5005,1991,1031
2,1,2859,6479,10493,5089,3727,1993
1,2,14048,10671,6682,911,4743,3892
2,3,6138,9390,6782,2786,2011,1991
1,1,4424,1812,1943,2848,4111,3041
2,1,27640,3462,5550,1917,1040,5539
1,1,12409,3438,10137,4552,3342,4890
1,3,6017,10992,1600,5508,4885,2354
2,3,12451,3697,11892,1070,2290,780
2,2,12278,5796,7376,3774,4815,6952
2,3,26944,7704,10609,6027,1236,6043
2,3,12996,6230,2524,5104,924,7653
2,1,26726,626,4766,470,1187,6351
1,2,3134,6102,1250,1743,1002,3053
2,3,23550,1691,10736,749,2782,2436
1,3,7119,3139,1078,5433,4037,4376
1,1,7694,1866,4123,4863,726,2355
2,1,29360,9711,10089,4214,1865,1544
1,3,24520,6953,8064,4654,1338,5898
1,2,23869,7171,9417,5969,659,7029
1,2,6164,7183,2209,5933,2752,545
1,1,20730,5039,6153,5653,4620,2086
2,1,7039,9376,5898,1912,4874,6671
1,3,23281,3387,3178,3440,3008,754
2,1,16631,10154,11871,1562,3098,3970
2,3,12442,4586,8610,5093,3443,4597
1,2,10252,2761,11998,1484,4268,399
2,2,23425,4680,9895,1086,2531,3140
2,3,29586,3341,3544,6054,4770,3690
2,1,22285,10459,6522,5518,3885,5358
1,2,19721,6540,3370,2458,831,506
2,1,19568,4060,4281,4582,4998,3275
2,2,22810,10804,5710,6011,2656,1856
2,3,3551,5258,1328,1985,1181,6167
1,3,14625,1126,6579,5038,4854,7444
2,3,3629,5514,5228,3743,4517,6811
1,2,27903,1875,7794,5801,1756,6522
1,1,19910,1681,1120,6336,2405,2892
1,1,28249,6208,7749,5342,4643,6142
1,1,3361,990,1964,495,4155,1964
1,2,28149,4229,5224,2253,1121,475
1,2,29262,6474,4675,2797,604,5471
2,2,6370,4034,6694,880,4972,7531
1,2,7283,3796,3076,6187,4884,3561
2,2,9610,2440,7865,5090,1820,1601
2,1,12558,5514,6643,4498,3152,6964
1,2,16924,2382,9524,524,3318,4933
2,2,16839,5408,6249,2491,1794,1975
2,1,13949,3487,2316,4622,765,3581
2,2,12626,6085,2196,1186,4999,5225
2,1,3993,3659,4170,3318,3068,4250
1,1,2869,5030,10621,960,1057,3660
2,3,3014,1181,1355,3893,1484,2080
1,3,12103,5754,10718,1236,784,4035
2,3,18986,1573,1028,1106,4527,4478
2,3,14013,2887,2013,5699,1445,2044
1,2,2690,11086,11894,564,251,3577
2,3,27069,3193,10019,3613,2363,271
2,1,18873,10062,3024,5540,737,7586
2,2,25248,4840,9490,6416,740,7062
1,3,25624,2656,6839,5944,1014,7540
2,1,12748,8466,11057,1269,1615,1876
1,2,26170,3080,6791,4569,3038,1495
2,2,10024,7757,11303,2455,1852,7069
1,3,18678,2659,1754,6248,2865,7835
1,2,7488,11940,9961,6180,4714,6612
2,1,22411,7272,4735,3886,4262,1243
2,2,13035,2127,2238,4419,2556,2825
1,1,21296,8719,11405,3281,4010,3242
1,2,28293,7580,2906,5648,1063,1014
2,3,29172,2485,8399,3458,385,5822
1,1,23128,10213,8961,6886,4556,2394
2,2,20257,8988,10756,5987,1751,3700
2,2,14855,2681,10410,2307,2407,7532
2,2,21642,2796,5601,3133,961,7233
2,1,4817,7664,10549,3029,4519,509
1,1,27020,3097,2460,641,1479,6861
2,1,22025,1401,8669,5536,4475,2261
1,3,6458,6560,2416,5206,4927,4427
2,3,7307,9790,8766,5321,3894,2077
1,1,10933,2177,2428,1759,3481,3002
2,2,20425,3381,5378,1941,1736,2686
1,3,19063,6122,8529,6030,3364,7086
1,1,12659,8552,5474,825,2970,5035
2,2,7738,1878,4071,4063,2163,3945
2,3,7668,1748,1555,1890,4045,994
2,2,27934,6150,9547,5293,3635,6606
2,2,16427,6579,2563,2981,4910,6986
1,2,9697,9956,2040,290,761,4214
2,2,26417,10599,3686,6510,2621,7592
1,3,18446,7536,3553,3206,4917,4553
1,3,9829,6987,2779,4502,2335,5553
2,3,12751,1558,1075,1288,2261,3607
1,1,15450,11441,5326,6207,2380,2656
1,3,9352,2548,6835,4811,2160,2051
1,2,15516,6615,6057,1380,4079,1174
1,3,25299,4748,3349,6088,3479,1247
2,2,10326,2976,3773,6649,4084,4566
2,1,5644,5103,3262,2101,3470,5414
2,2,23354,11889,4229,6301,4887,4437
2,2,28711,4053,11308,4690,782,3989
1,2,10003,10453,1392,5393,1813,5197
1,1,5278,720,2108,386,1301,3221
2,3,9296,5318,5362,1797,488,7448
2,3,27398,7692,6188,3608,4059,4569
2,1,5074,5123,9802,3947,3260,6619
1,2,15261,7849,6057,5887,3126,4229
2,3,13173,6118,11967,2870,4302,664
2,1,10312,11580,4998,5025,1383,5527
2,3,25936,10356,9864,439,4535,5615
1,1,3637,7709,7566,2780,1646,7406
1,2,15652,5076,4677,4436,1949,487
1,3,7103,11669,6796,338,2103,3395
1,1,27500,2371,7363,2706,3375,1075
1,3,19028,8415,9123,4365,1277,2192
1,3,4032,1962,9222,4680,2577,7650
1,3,4761,6021,8690,4925,1047,3125
1,3,17195,9036,2400,2445,3076,6523
2,1,20452,8736,5071,4500,1439,1320
2,2,18625,8313,9808,1949,1532,5510
1,1,4668,2568,3786,767,3706,7441
1,1,16638,6253,8169,5277,2579,646
2,1,17954,7737,1870,5100,4991,3032
1,2,19186,7516,5196,6006,4322,3768
1,3,23443,6691,10604,1081,3437,6904
1,3,14356,2014,3739,6331,2565,6827
2,3,2195,3098,1940,5269,2612,3096
2,2,4187,1501,1340,839,3374,921
2,3,13707,1533,8422,5750,572,2363
2,2,4330,10732,5133,4161,2149,2782
2,3,28935,7399,1659,4620,444,7465
1,3,23225,8965,11225,4737,2040,1551
2,1,5606,5551,10752,5099,3627,4180
1,2,26852,11339,4457,2535,324,4702
1,1,2060,10471,10848,4521,4832,3584
2,1,29966,4976,3975,5383,2953,1925
2,1,28489,978,10241,5262,2119,893
1,2,16387,1015,1453,3185,1835,7515
1,2,5927,1691,10896,759,1625,3613
1,3,8296,11360,9184,913,1740,694
2,1,15622,6797,6442,4793,730,1147
2,3,16125,10103,11976,4188,4549,222
2,1,4591,11972,1818,6403,3303,1328
2,2,27142,771,5868,456,4956,5994
2,2,14127,8834,1012,776,2001,7946
1,2,17748,8278,8727,6582,1236,757
2,1,28147,6508,1920,237,3928,1816
1,2,8121,8487,5920,2272,4211,5236
1,1,3200,3832,3418,4705,3663,3930
1,3,17721,1287,10506,660,1342,5541
2,1,21238,6722,7475,1640,1955,7198
2,3,13087,10373,3017,6700,1829,7382
2,1,25408,1122,8957,4678,962,7234
1,3,27812,4341,10420,2032,4157,1856
1,2,8972,4176,5792,4864,757,4373
1,3,2136,3072,7830,5367,4821,5641
1,2,19413,7415,3434,3599,1039,1006
1,2,17346,5533,3868,632,202,3512
1,3,28732,8288,11707,4351,1251,5337
2,1,20978,11952,2438,6920,1604,5063
2,1,25590,5714,4543,6611,356,653
2,1,2661,5212,2781,6412,2137,7810
2,1,4472,566,7343,1951,710,3175
1,1,29253,8033,3263,2247,3604,2524
1,2,28884,5116,11161,5197,4982,1647
2,1,2086,1640,1211,5920,1337,5795
1,2,12704,11006,9699,3040,4114,5346
2,2,8219,6230,7159,456,3521,2761
2,2,26527,11224,8027,871,4866,6184
2,3,18322,7965,1331,689,914,2711
1,3,16749,9879,7860,3914,2486,7150
2,2,8968,4971,9044,2296,2854,3071
2,3,29518,3839,9169,1882,1190,562
2,1,21157,1048,9742,4611,4629,3654
1,1,29080,8175,6720,2660,2360,2998
1,2,15596,8764,10133,4729,4657,4820
2,1,29886,698,1727,5321,2344,3653
1,2,3700,11893,5975,4112,2263,3455
1,2,4700,10473,4243,2175,2803,1417
1,1,25199,1071,1648,3416,2177,1685
1,3,13821,1290,6095,6275,575,2303
1,1,20031,10330,7614,1589,941,5549
1,1,24422,10523,11929,4715,4685,2736
1,2,23548,10547,11939,5892,2867,7395
1,2,7520,1674,8135,4056,1440,2055
1,2,13510,11969,2009,1784,3670,7950
1,2,5687,678,2550,5139,2567,5017
2,3,18980,2744,9995,5763,2443,6279
2,3,22929,4586,8492,3163,3749,1407
1,3,27060,1234,4401,4729,617,1648
2,2,10837,6732,8447,6986,806,5694
2,2,16955,1298,6424,5874,767,6384
1,2,13281,8101,5241,6400,743,1707
1,3,15917,9479,4161,5259,1083,1203
1,2,6757,3295,5155,1176,4998,6603
2,1,15045,5088,8478,3564,1423,6784
2,1,22768,7797,9719,245,3093,1125
1,2,10912,3584,10215,1393,2268,5151
1,1,6733,11610,7617,3542,3909,283
1,1,9081,1231,6660,4712,1986,6389
2,3,10690,1629,9624,5143,1657,6783
2,2,25501,2105,2176,6482,2114,3942
2,2,23113,11437,8956,446,277,4127
2,3,3673,11862,9592,3419,3813,1742
1,1,16318,3433,11296,4525,1508,1185
1,1,29643,9907,3233,991,847,6164
1,2,26690,9016,11637,836,2387,7805
1,1,13171,5574,5700,3975,752,4431
2,3,28312,10542,6906,2621,481,5502
2,3,15545,7599,8860,5033,1481,6028
1,2,13803,1990,8526,1288,2046,5491
1,3,25562,1393,6559,4383,2687,1108
2,3,28829,1890,7732,3359,2993,3108
1,2,4294,3889,3513,912,3911,7131
2,3,5630,4739,8830,6045,4399,4885
1,3,17093,4979,10965,5523,2976,6247
1,3,18530,2763,7944,6232,1796,5251
1,1,16453,3932,8910,5701,679,2937
1,2,14174,2871,6649,4896,3512,2786
1,2,5453,11778,2096,5795,3418,1343
1,2,6507,4812,10120,3844,2163,7648
1,1,24167,2015,2951,4090,2342,1531
2,1,26135,6826,11165,2786,4098,7051
2,2,12602,7588,10746,4509,2272,3548
2,1,7628,6086,11970,6417,1495,1753
2,2,10328,3417,10186,2308,1138,2542
2,1,17534,6231,8799,4993,961,2006
1,3,21744,8186,9804,3814,4949,2300
1,3,21389,11044,11785,1442,1869,1005
2,2,5552,1667,1595,2259,4062,5751
1,1,18402,8802,8875,3686,2885,4347
2,1,4242,5609,10033,6375,4099,2975
2,3,16665,4827,5439,5479,2131,271
1,3,24702,6310,6972,5296,4139,227
1,1,7097,4155,1858,4532,1326,668
1,1,10640,4293,6519,4010,3497,4183
2,1,3948,10447,8385,5500,4870,963
1,1,27521,7238,9636,4100,1403,7229
2,1,7618,2077,10980,2805,4335,7255
2,1,6236,9988,5317,5777,3972,6890
2,2,25285,2720,4454,5399,719,1624
1,1,3920,9664,2030,4942,2483,2448
1,3,13169,1530,10487,3234,4758,4032
2,2,6188,11285,8906,4768,682,7978
1,1,14207,7191,11255,4407,2677,5115
1,3,2238,4492,2447,4251,3293,4260
1,2,2204,1413,11237,3563,542,4270
2,3,12799,6858,3850,4221,1662,5785
2,1,7552,2681,11260,2045,1402,1875
1,1,6927,3697,9106,5950,1821,7962
2,1,29964,6540,11467,582,2598,759
1,1,13164,1962,8151,4312,3796,4674
1,2,6390,11070,11000,4788,3735,4031
1,2,21071,7537,10503,4010,3077,2118
1,3,23335,9999,7952,2096,2590,7544
2,1,17641,5494,5055,1709,3551,5371
2,3,8160,9881,6402,4412,3113,278
2,2,23772,5808,11643,1778,1389,5704
1,1,27924,6721,10281,1079,2540,5129
1,1,17810,7590,2672,2362,3780,3847
1,2,7126,8269,5532,6114,1803,1231
2,2,2816,1187,5924,1772,3497,7581
1,2,15414,5161,11195,1848,797,2272
2,2,27396,9899,7085,4939,844,4745
2,2,2192,2394,8734,1559,4743,7111
2,1,20160,7889,5864,4631,3102,7098
2,2,5645,5422,10316,3169,963,6288
2,1,14816,6822,2221,4160,1842,7824
2,1,8314,10503,3860,4011,2497,1684
1,2,26826,3683,11465,4442,4896,2445
1,2,20172,4297,11702,4417,2372,7461
2,1,9374,5678,9428,280,2360,6038
2,2,5700,10336,10336,2932,3949,6266
1,2,12655,4468,4253,2909,3122,6780
2,2,17129,3216,4782,2622,779,1750
2,3,11359,690,7957,3841,4004,4985
1,1,5893,1835,1766,6406,2568,6286
2,3,8811,8681,3681,4799,4132,5697
2,2,11288,11798,8710,867,4827,4882
2,3,21063,878,8482,2696,3560,6447
1,2,28423,4329,6086,3699,4907,2029
1,3,22288,6880,8964,3698,1300,3951
1,2,25644,1115,3665,1644,1870,6281
2,3,2504,2830,10951,1545,2420,4922
2,3,11813,2254,4513,1389,416,2231
1,3,16671,963,1495,5916,575,7406
2,1,29048,9658,6822,6276,1809,6801
2,3,12738,4767,3072,5968,4306,4659
2,1,27963,3658,8795,6804,4039,4056
2,2,13186,4124,9529,658,3139,2382
2,3,8773,5438,4949,1412,4262,4669
1,2,5816,5917,7033,4759,1813,7599
2,2,2717,6504,11009,1111,3879,6382
1,3,13676,9381,9328,6722,1496,6283
2,1,6434,11314,3555,1225,4196,7162
1,3,19042,6103,7370,2611,4986,2294
2,2,7057,2712,5415,271,1355,6379
1,2,22392,6620,6959,5746,2566,4103
2,3,6994,6318,10107,2885,3091,6438
1,1,6234,882,6993,1393,2172,3232
2,1,5764,2756,6021,2048,984,5680
1,2,13181,1912,11292,2584,4692,1748
2,2,6637,10275,3907,2222,1281,5465
1,1,4104,6646,3914,6538,2233,6236
1,3,11447,871,11174,3941,1814,567
2,2,25185,6306,4870,5307,4755,264
2,1,12674,6065,10190,4948,2616,3499
1,2,26959,9302,11339,1498,4841,5049
2,3,20991,8807,6085,4302,3853,5839
1,1,10385,7937,7546,1104,696,2235
1,2,13999,946,1395,3226,704,3063
1,3,5719,1891,1938,2228,3586,2076
2,2,4581,1840,10828,6909,2408,5874
1,3,20949,3439,11916,4911,3416,5051
1,3,4763,6469,3510,6169,3866,2428
2,1,29374,9765,5636,2820,1608,5820
2,3,24712,5313,2649,2846,4564,796
2,2,7991,4069,4690,5065,4277,7522
2,3,12531,5954,4435,2489,1677,7130
1,3,21790,3650,4201,5862,2597,3806
1,1,27307,10297,5179,4072,309,2874
1,3,13064,6914,11483,1685,3754,4089
1,3,13312,5157,9405,3351,849,3706
2,2,6780,7447,4237,1640,1699,2034
1,1,6177,10986,4862,965,795,7466
1,1,17169,8443,1058,4679,1178,6959
2,1,8476,4162,5938,2638,930,1595
1,3,20988,4982,3971,4292,256,1786
1,1,26565,5297,10719,4983,2443,7729
1,3,4382,5568,9314,1349,1901,311
1,3,18915,5980,10628,3765,1486,652
1,2,24463,8533,10354,4342,311,3003
1,2,14508,1483,4345,2172,1401,7536
2,2,2634,6107,3486,2866,1147,2831
2,2,28345,9043,1561,663,4321,2386
1,2,13996,10416,4981,6168,957,6167
1,3,28946,10643,7261,4418,3588,6574
2,3,16162,9971,2737,2381,2041,5558
1,1,18386,2407,10096,1842,3735,7327
1,3,16005,7424,4554,4088,2493,4548
1,3,10397,9716,10918,1040,1304,2204
2,2,24335,9237,10126,5881,861,1659
1,3,14327,4674,8095,2854,1108,2142
2,2,16394,11073,9266,6099,4817,6904
1,1,29197,9580,1294,4318,2056,3693
2,1,24010,7765,9212,765,2511,5622
2,3,26123,9797,10230,6205,989,6415
1,1,24387,11241,6330,1164,371,7630
2,3,4890,2490,5655,2482,4560,2057
1,1,29769,6096,2109,1195,2186,6565
2,2,12858,4498,4771,1387,2085,5396
1,2,24623,4275,9563,6090,675,261
1,2,10026,11504,7123,5121,1249,1694
2,2,5306,9612,8647,4511,4329,1380
1,3,2897,5145,2174,3454,2511,5101
1,1,11277,2561,2164,856,1361,6468
2,3,11471,4987,10284,3182,1015,2988
1,2,16896,11857,10475,1313,3966,2075
1,3,17240,4935,11203,6283,3122,2408
2,1,16683,3144,10037,4606,953,4836
2,3,2670,1545,11183,756,4861,4921
1,1,25675,8451,9712,3219,661,5910
1,3,19889,6949,5466,2504,3439,7902
2,1,24844,3181,6538,2780,2902,305
2,1,13767,3699,8111,5852,280,1354
1,2,15006,7268,9434,251,3004,3628
2,1,23551,9630,3800,1561,1069,4287
1,2,17768,7940,5607,1394,4894,1908
1,2,28531,9133,11794,4219,1006,3023
1,2,23639,3050,8262,3338,2134,4125
1,3,18633,4725,11465,1848,903,2108
1,3,24841,1096,2541,6643,2723,2249
2,3,3892,6554,3765,871,2839,6576
2,3,5439,2005,11306,977,4782,4664
2,1,28429,9553,5491,5127,4109,1474
2,1,4854,11332,4083,2479,1364,1145
1,3,28079,6968,6356,3222,819,4104
1,1,13577,7736,2857,2060,3266,7475
1,1,13763,2051,1769,3339,646,7643
1,2,22176,11928,2422,5825,2537,2427
2,2,13618,10428,9598,6371,408,3996
1,2,23714,7352,3972,6268,2660,492
1,2,26255,1949,2872,1274,3642,4879
2,1,10235,6453,6599,1916,2911,7138
2,3,21996,8956,11886,1483,2537,2422
2,1,4618,8542,3269,4886,1491,6466
2,1,23062,3159,6275,6963,2398,6570
1,1,5163,8009,5749,2186,1600,4173
1,2,27864,8393,7571,2833,2855,2691
2,2,4942,7945,10373,1201,4212,2675
1,2,26795,3221,6072,6527,904,7450
1,3,3925,10154,10631,1246,1025,5060
1,1,4972,10137,6463,2376,1204,3929
2,3,13705,10990,8450,2538,3660,6975
1,2,12640,3425,9420,2055,576,6408
2,3,12966,10324,4959,700,1172,5600
1,1,19374,11066,11085,2433,4413,5710
1,1,13138,7604,2313,4774,3276,627
1,2,20196,6740,8847,5890,643,6961
2,2,17935,1012,2070,2739,954,3172
1,3,15145,715,10166,4808,3804,6310
2,2,27379,7799,10930,3914,4935,7155
2,2,2489,10864,4285,6810,2371,306
2,1,13748,3653,9949,2532,2905,3819
1,2,24260,7950,4095,800,3665,4954
1,2,28069,2206,1320,5736,2911,3533
1,1,22029,10798,3321,5419,2607,4192
1,1,25465,2067,1555,4484,822,5478
2,3,21275,10900,5939,1188,1923,6608
2,2,28281,11023,6432,2081,3522,7835
2,1,5516,10845,2386,4683,2119,1425
1,3,21724,1628,5763,6584,1118,4204
2,3,8410,4010,11619,6101,4415,4450
1,2,2053,8367,7854,6329,781,7380
2,2,20959,2865,11196,1954,4081,3568
1,3,18999,6083,11122,2664,1886,1095
1,1,7944,5397,8637,2423,4109,4105
2,3,9404,6218,5841,4682,2199,5817
2,2,2954,6501,11355,1694,2911,1820
2,1,12625,11613,4867,1052,600,5288
2,1,3629,5067,11618,651,3848,4063
1,3,12973,9771,4793,2524,2828,2492
2,2,8859,3241,8373,1958,1856,5619
2,3,10841,3520,3513,4508,820,1585
2,3,12539,6756,4803,3553,446,7721
1,3,14682,728,3327,4336,3539,4099
1,1,5278,8862,9809,5441,3210,3792
2,1,23839,794,3165,6637,4919,2633
1,2,29216,4784,4308,4895,2568,3006
2,2,22185,9117,7452,3538,4194,3583
1,3,20945,7301,9067,6320,2039,6757
1,3,29825,1418,8642,2788,3103,1501
1,3,8539,11945,7404,6326,4595,7058
1,2,18754,998,1992,1982,4698,958
2,1,2857,3309,6424,6147,3891,946
2,1,6886,5461,10569,6794,4041,792
2,3,14945,9517,5381,3720,4548,7723
1,3,9485,4279,4174,1979,1592,5844
2,3,15680,10550,5782,3332,3950,3086
2,3,18767,2618,10497,3773,4455,4311
2,2,16397,6891,6560,3418,3208,5288
1,1,12744,645,8460,3957,4500,1268
1,3,6334,8442,4078,4216,3538,5640
1,2,22674,5065,11878,3037,3714,6994
2,3,21109,692,3983,2581,959,7693
2,3,14226,5687,8259,6200,2968,6491
2,1,29869,7137,7054,6387,3288,6698
1,3,24588,8743,3523,4439,2315,3507
1,1,15440,2910,10677,4136,4428,902
2,1,17020,2320,11292,4628,1923,4908
1,1,24495,3464,5581,5293,3166,304
1,2,6251,3021,6609,1619,629,1697
1,2,14180,10561,3001,4350,2555,4033
1,1,18140,3068,2387,1530,2659,595
2,3,2922,6382,7552,3117,4392,3717
1,1,21299,2367,2030,1646,1918,2853
1,3,29526,7965,10957,1640,1465,3491
1,1,9957,8102,2220,3944,1508,2210
1,3,21430,11430,11606,3044,1250,4081
2,2,17796,11961,7035,6668,3673,5146
2,3,27550,3699,10810,6029,2449,2188
1,1,3230,11271,10455,5990,3009,4737
1,2,12627,6603,7523,4375,3121,1868
1,3,26031,740,9074,5280,4876,5168
1,3,12006,3940,10063,6901,4241,4962
1,3,29510,5131,1834,1064,2617,1251
1,3,6933,10099,10110,5883,732,3041
2,3,16295,8774,2724,671,1098,6818
1,2,27939,5577,7598,6417,2854,4923
2,2,18377,4268,3413,5872,1669,7672
2,2,22324,9642,10505,1702,3120,5724
1,2,24867,8495,6993,4884,1452,3784
2,1,2203,9302,5498,1610,969,6845
2,2,18544,6929,3105,3970,1033,547
2,3,17899,4105,3568,2105,2409,1463
2,3,27344,11975,10330,4859,4849,5313
2,2,5748,2673,1209,4201,3624,4865
2,3,8718,10214,10256,3704,1291,2942
1,2,20965,7068,5911,3683,1396,7704
2,3,3093,3101,3220,4762,4114,2273
2,1,17228,3157,1233,798,1860,7776
2,1,22884,6580,1792,5940,4854,3348
1,2,27183,7825,4110,1191,460,6248
2,2,18034,2659,3166,2132,2464,6560
1,2,7710,11141,9526,2984,1385,1551
2,3,11732,4330,10551,3241,2649,7180
1,2,21259,8813,6193,6591,3733,3021
1,1,5191,4868,2214,5900,4570,7390
2,3,20221,1817,5419,266,4501,4027
2,2,2689,4993,8314,6916,3544,869
1,3,22143,11210,9475,3598,1066,5013
2,3,29525,1730,1212,2950,292,6653
1,2,4103,1633,2658,669,3378,2846
1,3,2365,8107,6024,6836,1551,466
1,1,16010,1801,10609,1924,564,1638
1,1,13767,2410,11578,6629,3918,2893
1,3,18103,8582,6917,4185,2124,7634
2,2,26476,8607,6141,1831,3295,5652
1,3,14742,10197,2794,6655,2738,1222
1,1,14391,8470,6988,6652,1496,2237
2,3,6172,11877,9296,974,2476,6793
1,3,24417,2416,6578,3212,202,764
2,1,17623,7496,6551,5432,3692,7978
2,3,4378,3257,4845,6307,1953,5566
2,3,19589,10648,7906,2703,1110,1259
1,2,23372,6964,1378,1686,506,1624
1,2,14031,678,4293,4219,4431,4323
1,1,7669,9588,4329,4427,4215,419
2,1,4735,6862,5808,1129,1638,605
1,1,29923,10243,8937,3212,1072,1837
2,2,11867,9183,1224,5224,1341,6094
1,1,10490,560,1737,6464,865,2518
2,1,2956,9769,1235,5516,408,1959
1,1,11306,7181,1711,1705,1151,1874
1,2,8623,3395,6988,4929,1257,991
1,3,16908,1085,2888,3144,4944,3782
2,1,29081,6323,8173,3019,4922,5258
2,3,19858,1034,2259,5358,4820,1509
1,1,6460,3962,6246,6909,4208,7821
1,3,25386,4511,8271,6855,2068,4033
2,2,15986,3898,1748,1384,971,5129
2,2,14638,2655,4551,488,4230,4612
2,1,24780,6466,7400,6543,721,7957
1,3,21212,7829,7643,2011,3555,5616
2,2,4850,7457,9701,727,1600,6681
1,1,15299,9696,2823,1116,3938,1530
2,1,12698,11191,7852,1908,4543,7795
1,2,21348,5825,8777,3774,3923,4646
2,2,6594,9018,5232,3519,3447,710
2,1,27525,5203,7519,1606,2058,2772
2,3,16282,3206,11326,1441,4981,4129
2,3,18285,501,2777,5406,4264,691
2,3,16334,9725,2222,3333,4881,6227
1,1,8644,11173,8630,998,2598,1817
2,2,4850,8816,2777,1723,342,2256
2,1,16933,1604,10496,4307,3051,1720
2,2,2165,11391,8490,5128,3669,1783
1,3,12701,2361,5859,3088,3895,6904
2,3,2919,5769,9893,2890,917,6783
1,2,10305,7443,9118,4291,842,1775
2,2,21888,11612,3989,1441,3640,4146
2,1,19375,8820,9343,5968,2748,7135
1,3,17715,937,2325,6449,3893,1961
2,1,24431,5346,10493,890,569,2191
1,1,5839,11240,10903,727,3850,3379
1,1,19642,3629,6127,1695,986,5564
2,3,25993,9913,9998,4025,1149,3526
1,1,13618,8581,3722,3093,721,6376
2,1,27090,1401,5656,1092,3143,1246
2,1,15519,11860,2325,586,554,3092
1,1,23188,5898,5133,1449,2535,2813
1,1,29772,7178,10351,2728,1682,4092
1,1,12776,6029,3869,6073,1847,4344
1,3,2067,7104,2242,4703,3245,661
2,1,11788,4418,9539,3728,4831,6933
2,2,7660,1567,2831,5972,2415,4631
1,1,6478,526,2569,1097,4916,1581
2,1,10210,7437,8246,910,627,1345
2,3,12922,7764,2918,3895,2737,3715
2,3,5521,7618,7416,2886,744,4654
2,2,2572,1047,4232,5978,2964,7969
1,2,9082,11360,4758,5213,3965,6689
1,3,26216,9258,6997,6546,858,392
2,3,7395,9395,3355,4712,3027,5735
1,1,17407,5838,10589,615,2258,5696
1,3,20642,3640,11972,1671,3527,3734
1,2,13094,8496,2824,5831,930,955
2,1,24423,2090,11683,4380,2032,1884
2,2,2650,8276,8280,4462,608,7513
2,1,7741,5443,5060,2631,4379,2725
1,3,15281,9497,6324,2715,3447,1027
2,2,8838,8298,1404,1295,333,1089
2,1,20971,4291,2721,1009,866,4948
1,1,26260,1857,6316,3244,476,2655
2,3,5262,8592,4845,5840,3507,2533
2,3,19722,3725,5210,6112,1081,6217
1,3,6996,10818,1064,6816,2260,5146
1,2,13826,2960,10491,1192,2282,310
1,1,24164,9237,7382,1481,1437,4915
2,3,4827,3228,10607,4570,2652,992
2,2,16211,7226,1968,1973,358,6393
2,2,7232,11254,1368,3761,2796,7381
1,2,4217,7981,9424,4016,4015,5453
1,3,21923,10771,3242,6833,4574,4883
2,3,26229,6930,6002,1956,2726,2843
2,1,16232,11333,4083,2573,310,3614
1,1,27613,3614,9073,2776,741,7013
1,3,16026,10618,10112,1091,1338,1509
1,2,22767,1116,9880,4384,3483,6253
1,2,21345,4144,2469,6829,3810,6657
2,2,21610,6913,5725,907,4655,6949
1,1,15878,1703,5259,2597,3757,496
2,2,8837,10451,4622,4682,2619,1829
2,1,9031,3065,11292,2334,1956,768
2,1,16806,3674,11457,2554,3286,5483
1,2,27674,3581,1823,6169,2506,5127
1,2,28900,3130,4431,5473,1175,7864
1,3,27515,3661,7528,4735,922,4905
1,3,5716,4821,5151,6607,2770,4311
2,2,5414,9361,5213,1176,524,7711
1,1,19832,6769,8420,934,1729,7445
1,1,2570,7599,9989,2668,2145,5665
2,1,21288,7876,1779,2740,4686,271
1,1,15288,11860,3892,832,2630,4565
2,1,20889,10813,6534,5288,4311,4582
2,3,2917,4578,11085,6754,3710,265
2,2,12066,6301,4306,4468,1045,1079
2,3,8982,4651,3902,4299,767,267
2,1,25811,9411,4718,3101,3888,1416
2,1,8336,3100,1021,1863,2379,7422
2,1,20062,6675,2500,2215,2219,3227
2,1,18999,1166,10034,5791,3519,5698
1,2,11941,783,10952,3381,2520,5269
1,1,25470,6340,4641,5356,1846,3439
1,2,14380,4065,6212,4263,4203,3680
1,1,29053,10926,1191,2830,4109,707
2,2,23133,5093,9587,4072,3620,7904
1,3,21889,1965,8174,1254,2731,3914
2,1,13667,8821,6114,580,556,3084
1,2,6529,5234,5662,5587,3281,1325
1,3,19519,6757,5326,3282,2480,1085
1,1,14192,7866,10065,2591,4331,3041
2,1,10566,10752,11813,1792,2660,4077
1,1,9226,4172,5335,4461,2987,6765
2,2,7162,7882,9281,2947,4409,6283
2,2,18590,7087,11471,2589,1397,5070
1,3,23259,11186,9648,3753,1478,2725
1,2,3319,1492,11472,5338,665,1125
1,2,3141,7358,10196,5947,4200,4415
2,1,6627,2621,6494,3227,3548,2138
1,1,25773,11276,9536,1407,1687,4014
2,1,16501,2723,3711,4053,4797,3562
2,1,4690,5022,8595,744,4736,4783
1,1,9323,3688,7273,3281,525,3432
1,1,5255,3737,7284,3863,1965,3944
2,1,26665,4636,11654,2439,4362,6421
2,3,7213,843,10308,2567,503,7405
2,3,6108,5204,9817,3973,4779,3665
1,3,21404,5323,11171,2827,1640,640
2,3,20241,10968,4994,6818,348,3811
1,1,27380,5420,2678,4131,3234,661
2,3,27520,3701,9414,6980,2831,811
2,1,21173,5971,1743,2674,295,5613
1,3,22259,1388,1462,3330,3655,3671
2,2,25989,10735,2568,3707,4577,5955
1,3,11802,10033,2736,296,2569,5212
1,3,26519,7627,8903,6839,3667,3363
2,1,29499,4220,8002,4058,728,6952
1,3,24439,3383,9856,2908,2510,205
1,2,22266,4712,2356,5597,4875,4976
2,1,13413,7461,2014,3536,1863,7238
1,1,16995,2915,11324,6352,3564,6614
1,3,25559,9809,11860,656,2541,5939
1,1,14583,3501,2054,6114,892,4170
2,1,25513,2238,2764,4568,4530,3058
1,1,7021,1864,7009,3187,1151,2806
2,1,23119,3208,5458,4288,1560,298
2,1,20771,1424,10604,4084,738,725
1,1,8582,651,1667,1231,1019,6537
1,2,15455,9277,4370,407,3362,1380
1,3,27517,8544,6976,2137,4125,1889
2,2,15117,1412,2394,5956,471,1338
1,1,24250,2821,9290,1346,1228,4691
1,1,20950,995,5070,5352,3865,5065
1,3,19359,2648,7982,5832,1442,6122
1,2,25596,1056,9613,4499,1341,3271
1,3,27530,2052,6599,6861,792,5841
2,2,3262,2620,4650,6128,1805,3127
2,1,23431,3585,10324,2764,4410,7581
1,3,27519,4004,10894,642,3577,2992
1,3,28778,656,4620,4984,4271,4978
1,1,9382,9426,4190,1032,4502,5852
1,3,24615,8005,9789,6682,3894,214
2,2,5327,7662,1391,1661,2550,7786
1,2,24014,6023,2075,3716,4407,2615
2,2,20643,8043,3650,1359,1640,2885
2,2,12020,8555,3384,586,3826,3100
1,1,19641,5154,1809,2241,2082,1436
2,3,18848,6750,9047,2753,3911,7043
2,2,16062,11968,6501,5644,384,4300
2,1,21678,7746,7895,1918,420,6574
2,3,8774,654,2159,4975,3388,7568
1,3,17160,8450,8574,4250,1293,6204
1,1,25815,1496,2531,3609,3145,5721
2,1,3230,10986,6481,889,2674,3420
1,2,29230,5126,8548,5864,2815,1807
1,3,11076,3405,5976,6966,2212,3763
1,3,5805,9869,6695,1369,2690,7355
1,1,24803,653,11874,5188,800,3497
1,3,16715,8353,9445,1152,1360,2833
2,2,7750,6981,4548,5550,4799,4090
1,3,17627,6099,7163,5079,4513,4464
1,1,15232,2216,7671,6342,2935,3008
1,1,22240,11894,6264,6167,2418,991
